,SVL,Snake ID,Trial ID,Xf,Yf,Zf,d_psi_avg,d_psi_ci,d_psi_sem,d_psi_std,f_psi,f_ratio,f_ratio_xz,f_theta,f_x,mass,nu_psi,nu_ratio,nu_ratio_xz,nu_theta,nu_x,psi_ci,psi_max,psi_max_data,psi_nmodes,psi_sem,psi_std,psi_var0,psi_var1,theta_ci,theta_max,theta_max_data,theta_nmodes,theta_sem,theta_std,theta_var0,theta_var1,vp_psi,vp_theta
0,85.4019015325,81,205,-0.1549828247889503,3.943386422313786,0.08772311673479907,-2.182914734625611,4.191197759491091,2.1383662038219855,29.397674977648844,2.2803084285845165,2.1557434292063204,2.130220569786941,1.0577828500788042,1.0071245643283395,107.20000000000002,2.499484344220777,2.0239196885366737,2.244507168611269,1.2349720981408823,1.1192783281005607,0.6717899544674639,30.239268427514656,30.76362995699449,4,0.34274997676911423,4.712033138966465,0.7095035193507396,0.8422708971897177,0.4491394935081434,103.32295024067578,99.91175193155658,1,0.22915280281027725,3.1503301937681547,0.9507300531048137,0.9830060925522045,0.9123115469224555,0.8565236831432731
1,85.4019015325,81,206,-0.15578577342776462,3.745713227565303,0.07931188596720949,-1.7677506148591338,4.227986873897219,2.1571361601516426,29.655719214663854,2.203462237831534,2.1028230088228335,2.0607453431831697,1.0478591058717008,1.026115999613514,107.20000000000002,2.380722949039181,1.9655733383520573,2.2211116591730997,1.2112104405298794,1.1269342975558716,0.6102972698247023,30.645452499236335,31.789332504796768,4,0.31137615807382774,4.280714441933551,0.7125619432405268,0.8552080196395726,0.5965200620636115,103.39344106417747,98.98114982917645,1,0.30434697044061815,4.184079088723861,0.9642177005701544,0.984469607942367,0.9255433265432308,0.8651338122657565
2,85.8337967279,81,303,-0.1314688672824329,4.126374820975926,0.0749395126308773,10.219484874411153,0.7971061406914673,0.40668680647523847,5.576208551468755,2.237651396932335,2.154362759947859,2.217336278757941,1.0386604514954072,0.9534042311253559,107.20000000000003,2.442970588073213,1.9323101220381658,2.601499118028634,1.2642745904039523,0.991916353695672,0.5250581752453249,26.12972370135088,25.237459302555312,4,0.2678868241047576,3.6730790761212138,0.7070657958162395,0.8651829168642712,0.5442406056963037,110.68353552779668,98.91994134977533,2,0.2776737784164815,3.807271032823383,0.9467099119028527,0.978314252590911,0.915955111312734,0.8215465685848685
3,85.8337967279,81,304,-0.0644993603981287,3.9639362954993276,0.10640136102998622,10.145435356369406,3.094273797048325,1.578711120943023,21.646196317994647,2.3794313808535055,1.9388313712805743,2.070607987915835,1.2272502993810752,1.233082930034942,107.20000000000003,2.92932256044719,2.1186493325451536,2.0976681258132457,1.3826368127320847,1.308549470200716,0.343368429823237,32.64692001735451,33.57024003731952,4,0.17518797439961073,2.4020564852552635,0.6418742206514776,0.8385883318699268,1.9345898762681317,98.03400062518968,97.88175749073085,2,0.98703565115721,13.533551005231535,0.9280137801609408,0.9737278360481078,0.8122804272159982,0.887615813552681
4,77.66483796169999,91,308,0.11077508697658933,2.9823441607100065,0.11885178105769682,23.961992751618375,2.1037895276734506,1.0733620039150258,15.027068054810359,2.98269224462685,1.9588208025002793,2.0147335697641853,1.522697860273732,1.4571959996285324,71.0,1.546702301615546,1.1440957210490097,2.0882046357618904,1.351899384954775,1.294211354108077,0.6546023504783398,31.014716825774258,36.74396559281249,4,0.3339807910603775,4.6757310748452845,0.48560968254954634,0.7943841755296269,2.4565563025252657,101.11470483878017,104.32724040357333,2,1.253345052308809,17.546830732323325,0.9141083091179184,0.9841442331933405,1.928420382843808,1.1263396353454742
5,85.8337967279,81,309,-0.05569968466195824,3.556367354947014,0.10998185469431883,26.205589751818813,2.1665979931062824,1.10540713933994,14.953670609511862,2.441764485065414,2.126262901611491,2.0179074254433482,1.1483831482996787,1.0662855914095173,107.20000000000003,2.0974157487155964,1.5436747027074555,2.247592159248678,1.358716149870781,1.1927055425893187,0.7198718640645219,31.15104888590577,33.04858273931312,4,0.3672815632982254,4.968492895556787,0.5890074692024503,0.8470426700573492,0.30627043627338596,97.74259480096553,96.3012913784917,1,0.15626042667009488,2.1138518710143757,0.9508233217704136,0.9766667649647629,1.1641776250420013,0.8451972462452104
6,77.66483796169999,91,310,0.0956612800669383,4.020059754551234,0.8678399625941183,24.418493660632617,2.3273649919480364,1.1874311183408348,15.975251847953885,2.853243222090543,2.049345285344108,1.7847311608170653,1.3922706156427178,1.3963939267894612,71.0,1.988432518379605,1.4730817955761968,2.039891659134343,1.3498452864946502,1.2314508510942137,0.5941845838791867,30.454205077890656,32.26406376715434,4,0.30315539993836055,4.078538778610976,0.6543768303456438,0.8584607706703051,2.1353937509418492,96.41634564767683,95.26482349286951,2,1.0894866076233924,14.657543223286833,0.9138508298058352,0.9692011706979795,1.4349208211580051,1.0314297716727523
7,85.8337967279,81,314,-0.23144382304322922,3.5090940283287466,0.10443532674832659,7.71172210126157,2.531567627600879,1.2916161365310608,17.756786143440006,2.486571064200873,2.129628913350151,2.524634007166316,1.1676076750334927,0.9181628411589141,107.20000000000003,2.559543198140007,1.9756833686141975,2.431430559788467,1.295522976404537,1.0346811733541899,0.6082329296480783,28.187800005701867,29.49396300951828,4,0.31032292328983585,4.266234857566942,0.6515480090208267,0.7919795404109811,1.541014891276322,105.85099132447813,101.59612534619419,2,0.7862320873858786,10.80890416274677,0.8922020348333626,0.9626418503981208,0.9714901729370451,0.901263579495867
8,77.66483796169999,91,315,-0.06038898239791385,3.4107374457773267,0.08913646725270429,18.8435206766126,2.6605686440852554,1.3574329816761508,18.858061667367767,2.805547006564188,1.81564875696614,1.4660592059484328,1.5452036060389343,1.6887478314958624,71.0,1.9138069290933108,1.2683371833385135,2.147821261701059,1.5089102127052632,1.3087263910935116,0.644540246855481,29.086058240283396,31.22740149218546,5,0.32884706472218417,4.568489427747918,0.6269251445240305,0.7923795451816698,1.782246391359721,92.45535755010742,93.87489455708177,3,0.9093093833467965,12.632529677226511,0.880053191264437,0.9446627813730794,1.4659509085868707,1.0240527189941953
9,73.3575737632,94,402,-0.34424053577646696,3.3667676130581183,0.7464044456362335,14.20672282150752,3.8055962348630383,1.9416307320729789,27.182830249021702,2.216414699284281,2.031423730666329,2.8298285608827713,1.0910646881915045,0.916260067142789,49.900000000000006,2.315829289300718,2.107010780037577,2.207393584136529,1.0991065215430065,0.9465864602795503,0.7439710146185171,24.67843372775767,26.321165085698834,5,0.37957704827475364,5.314078675846551,0.5858135014252314,0.75935420710424,0.807685704438516,110.92493637314075,102.59921529784623,2,0.4120845430808755,5.769183603132256,0.8995883235370757,0.9676072778025099,0.9570717105635813,0.9926832993946644
10,85.00890569539999,81,403,0.38345103653219603,3.140659675922641,0.12486563211639713,2.8305976676994824,2.0459457519535817,1.043849873445705,13.808835856117904,2.2693431368076733,2.0979346273791646,2.0536413308675523,1.0817034559568903,1.0712716949099603,107.19999999999997,2.5748497010886164,1.9820712332339283,2.2004826359306255,1.2990702139839427,1.193915702146665,0.3863676719509475,34.55010408994898,36.062010192930465,4,0.19712636324027935,2.607736669941819,0.7922664058572426,0.8812624440083664,0.550996322812121,99.26199144312868,93.38534245683854,1,0.28112057286332703,3.718875621101881,0.9535618406797248,0.9783258373046994,0.8813497486273554,0.8326751274202188
11,81.1781067805,86,406,0.05514772295089965,0.11383005960511472,3.5959125682827016,68.53711575506487,8.957711786346701,4.570261115483011,48.58254205985572,1.7539786539026914,1.4606737726121115,1.235277815980735,1.2008010869984096,0.9258269150698962,54.5,1.4963295240735037,1.8545880009801836,0.24460812407597013,0.8068258412556677,0.9835133742567661,1.3323476492488822,54.293350491316126,58.242367924653216,3,0.6797692088004501,7.226045808556051,0.7299499757827752,0.8938989103495141,2.5977691068329265,127.56116090328472,118.58128116405717,3,1.3253924014453706,14.089114486454829,0.665916815879588,0.8831440662451756,1.1721874264218095,1.4883027111893143
12,76.1802348567,91,407,0.05774678795161525,3.8108892776859657,0.21446658589473191,23.44351796568333,1.5069511152270643,0.7688526098097267,10.846000773862889,2.9387543320252973,1.9512014824196957,1.8038533514624666,1.5061255121541481,1.591268226901118,71.0,1.40329933111583,1.0067524208257757,2.1461744760711428,1.3938872180359811,1.2622992084617963,0.7036092365949483,27.409391125010526,28.666237001815468,4,0.35898430438517775,5.064096802805717,0.7629787399694049,0.8753078186682576,2.178082291200858,95.72135960227031,94.89366990359176,2,1.1112664751024786,15.676342767324618,0.9252130667358025,0.9733389981273239,2.0941749681363806,1.0805217901892474
13,81.1781067805,86,412,0.00814312744190937,2.523351129766953,0.061990197452637404,22.315095874263253,2.3268008795567683,1.1871433058963103,16.746717186306984,2.656422557118088,2.3073323013293705,0.7787713932087553,1.1512960467755724,1.3027415692902957,54.5,2.896680576469288,2.3185803485723575,1.7455520878641322,1.2493337046753155,1.2119814725383924,0.5666376503066265,32.544224049525084,33.65457975630896,4,0.28910084199317676,4.078269249496849,0.6040430003777005,0.8202925030736706,2.7249874094383486,112.65016682702485,115.68842944485726,2,1.390299698693035,19.612590782071674,0.8700331289207377,0.9705678828998491,0.9170574687099101,0.9215280452829681
14,76.1802348567,91,413,0.004136978625761678,4.30237783320784,0.150340924719545,28.5297915265912,2.196541812302437,1.1206845981134883,15.967297692318027,2.7696688076529457,1.9706672175706181,1.8804078713167183,1.405447242922787,1.4312827078014663,71.0,3.0568231282189777,2.4323343197140725,1.985384042880539,1.25674464379482,1.2346977418396277,0.48916192934678826,27.21653282446542,27.891207625238756,4,0.24957241293203483,3.5558595342383503,0.8047506285016414,0.8832659560153509,2.1965500189344516,99.96488650209133,97.3528288818855,2,1.1206887851706386,15.967357348699569,0.9293672989498278,0.9858955665132964,0.9060611921196307,1.1183236386661257
15,84.6007844968,81,501,0.25428269266978654,2.419339069257981,3.4284491996340622,11.190555808893505,1.8486191797572553,0.9431730508965589,9.801741866895519,2.0268001588224007,1.5839711568715227,1.6448230681959903,1.2795688545399417,1.07887455822208,107.20000000000002,2.4639677019280253,1.874475331864174,2.18838644597316,1.3144839305394318,1.207045882601986,0.8636031846657101,28.36327428993562,30.17583752916135,3,0.44061386972740313,4.57899365332438,0.7328011754654501,0.8861552880831649,1.9992837850024021,99.5811380895663,90.17876369718982,2,1.0200427474502052,10.600595186855426,0.8475672842656456,0.9709764969361683,0.8225757818320645,0.9734381872700705
16,88.4325027088,88,505,0.07577119598883708,4.414067997476861,0.9671400916660141,-6.180541158373134,2.302045042924202,1.174512777002144,16.485072395298534,2.1866072961120966,1.8756060597745172,2.1470332105283267,1.1658137297631506,1.0704079175036851,71.9,2.830210457959145,2.005870787221365,2.411925874431742,1.410963495749244,1.1213427297029859,0.3524075843494083,23.534457308614737,24.91042417973593,4,0.17979978793337156,2.523610282304782,0.6842817475211167,0.8400784976451949,1.123387212836192,93.49839145007067,90.30306474107827,2,0.573156741242955,8.044638217866108,0.8771009254419176,0.9671353434536205,0.7725952993929828,0.8262536438932355
17,88.4325027088,88,506,-0.16853639545886195,3.9657797027333292,0.2332957349450944,1.759495872767828,4.444692171887319,2.267700087697612,32.783759862749804,2.2762218003102146,1.9828568770686996,1.590186554165233,1.1479506295357045,1.0770071401917631,71.9,2.5427216531733405,1.780651968090039,1.948002784907647,1.4279722813553015,1.3076781136718714,0.5486958023610474,27.546294603312326,27.22546237868548,4,0.2799468379393099,4.047144487548426,0.5005355689734179,0.8059162182231906,1.5769981891055858,92.58799852314668,91.23977339425113,2,0.8045909128089723,11.631835892400135,0.9061468959407799,0.9594832276294589,0.8951911026004236,0.8039025998783212
18,84.6007844968,81,507,-0.22978661278987952,4.129333529421678,0.08114821638142257,12.340000618625862,1.1104440351550438,0.5665530791607366,7.76818444703936,2.3586696623369567,2.0430086619057946,2.074515191293295,1.1545079109633838,1.1530744810456572,107.20000000000002,2.850330477994391,1.9581378047282274,1.9940361078491968,1.4556332404756327,1.3754005415440198,0.3978989319730537,31.215520625218613,30.877236902209173,4,0.20300965916992536,2.7835282076282937,0.7059408610455504,0.8344669964071123,1.503868499827676,97.58484585966237,92.30311086511931,2,0.767279846850855,10.520411223716145,0.9454952017482711,0.9801853630784526,0.8275074348559796,0.7931310434942697
19,67.2450154474,90,604,0.03884169165979018,3.0071852240271912,0.1652690312066443,19.291488704452494,5.369972548235756,2.739781912365182,38.16074627022829,1.7669594342687698,1.3514136510298975,1.6973082041544842,1.3074897037795863,1.0408459018544087,39.7,2.395694457778293,1.7682625049060023,3.235792064780075,1.3548296427320579,0.8282532217786298,0.6804944470173423,42.00660618490806,44.723705375116566,4,0.3471910443966032,4.835811672716959,0.6240479960443339,0.8372731393303522,2.520498788453019,94.6911221895915,103.68690353150998,3,1.285968769618887,17.91147233558459,0.655804615877527,0.9389452720682477,0.7375562557787122,0.965058382648752
20,64.2025756548,95,605,-0.059597449467311714,3.300577312575615,0.13115955654046138,6.043231910532284,3.9622725420799805,2.0215676235101943,29.50380814095786,2.667933663998646,1.9601145323082767,1.8256400948254305,1.3611111085722245,1.3517794608144127,37.3,2.2907518824547903,1.8382198160341907,2.195066583942944,1.2461795169833936,1.1294557668748793,0.5111150119969221,32.71524133818413,35.12474379587512,4,0.2607729653045521,3.8058561322499176,0.6416479940614708,0.8087107176087156,1.9667722321248444,103.35689668814892,104.09883525487174,2,1.0034552204718594,14.644946801946551,0.8695166882985216,0.9539073525388286,1.164654140168015,1.0922271550948326
21,64.2025756548,95,608,0.04559365220284095,2.6514053104794337,0.35229090956706116,-6.627246741333784,5.7864268509681205,2.9522585974327145,41.75124148121916,2.0902370976611047,1.4722561194191854,2.8904108159968636,1.4197509999046338,1.58146377133361,37.3,2.642475596558127,2.1981384654934417,2.331578489669651,1.202142466473303,1.0903082997209994,0.4372564611929843,37.55910903781047,37.663599079163546,3,0.22309003122091034,3.154969477828486,0.6446073177869978,0.8820899155034668,2.7664786831986525,110.4259362398775,111.0382187111148,3,1.41146871591768,19.961182009161206,0.7676521269008366,0.9469692272158241,0.7910147213407295,1.1810172583535161
22,67.2450154474,90,614,-0.11333311263993262,2.7150987417965617,0.15929426584838074,11.021786064505068,3.3944709200032106,1.731872918368985,23.872220739222854,2.2078586365411708,1.7661457880970577,2.5040691899369563,1.2500998793084,0.7579117054815286,39.7,2.466078816597834,1.6907454540946103,3.183625379350332,1.4585748615355068,0.830347610431603,0.8132438414574987,32.94746676214818,33.554510805083275,3,0.41492032727423406,5.719282019381272,0.703577586740156,0.9327270375835587,3.7460897079666107,87.98133364430548,83.3081226872798,2,1.9112702591666382,26.345042430773056,0.744443375422236,0.9665854522175388,0.8952911892682733,0.8570693985445246
23,85.30773704660001,81,615,0.02625569044098186,3.5295912710625443,0.09251678671733589,0.36318879901788087,2.833406490397428,1.4456155563252184,19.609283463473687,2.1346811411796414,1.7684104945562185,2.096033003627263,1.2071185665041748,1.1395886604361019,107.2,2.781210938435089,2.057455887614709,2.14711892126449,1.351771843652725,1.2179412965914926,0.6142133703671491,28.806847067509405,29.770017606414253,3,0.3133741685546679,4.250814038650551,0.6886632853228711,0.8857202235820347,2.260673176476677,99.2857600429249,98.5593368263211,2,1.1534046818758557,15.645542313127356,0.9260242265977388,0.9728010337080183,0.767536583320346,0.892989872641768
24,64.2025756548,95,618,-0.08578422224915755,4.277359684715881,1.6514046521491281,-19.493137578951842,2.326450899908529,1.1869647448512903,16.05696144699051,2.7515232150715088,2.068807035677733,2.065907770062986,1.3300047648813804,1.3135939103454626,37.3,2.180395589293889,2.037935700766192,2.36563267603676,1.069904015359335,0.9766875629439341,0.630641195497091,28.181206965079795,29.215638343125033,4,0.3217557119883117,4.352630594257947,0.6810094438046751,0.8412493510049852,2.229860884879305,112.28403052787527,112.56578891145375,2,1.1376841249384209,15.390305577507316,0.9182943723863431,0.9712339048127672,1.2619376174589385,1.2431066205828647
25,67.2450154474,90,623,0.02197562232997785,2.244394912744604,0.9092217022310624,0.37178556841431537,4.357283144197006,2.2231036449984725,28.20802298001908,1.1943954577375047,0.9973581415752131,-27.25085236478005,1.1975592397040984,-0.07591897786612982,39.7,2.4928793765680193,3.7421240735577426,-2.6853528620052614,0.666166948921597,0.8342488344987257,0.2737679381013802,27.8476351505425,29.63189520805948,3,0.1396775194394797,1.7723090360654832,0.5740801109687086,0.8652512517439862,4.403447949680631,78.57757004115585,80.98625015340049,3,2.2466571171839953,28.506883038191905,0.7638217752459922,0.9222798827726133,0.4791228444361576,1.7976863632198037
26,64.2025756548,95,625,-0.04373399150298696,4.149468799895758,0.22027578595946307,-3.8686247796368893,3.151570808015792,1.6079442898039755,23.46717432353358,2.59747834822377,1.879353295197052,2.0566237121550848,1.3821128549176922,1.2967197761340274,37.3,2.447691589988659,2.0813367439243855,2.2672619107458303,1.1760190162085482,1.0644130402280914,0.5039947177162708,31.214176871160646,30.235882066389426,4,0.2571401621001382,3.7528371149732274,0.6756843243232848,0.8219289655853987,2.071783628959959,115.92903406818239,110.74821165967286,2,1.0570324637550812,15.426880924835233,0.8585056227174778,0.971271943347979,1.0611951108741624,1.1752470290604524
27,67.2450154474,90,629,-0.05441215105933006,2.443968498358337,0.06031944371561076,15.374843989932643,5.124751852525733,2.6146693125131293,36.22992075411141,1.9524991336952566,1.3613078046773641,2.7019762079611196,1.4342818920060532,0.7946092796606049,39.7,2.5260753189738963,2.7266296452717014,2.742865476081285,0.9264460699143391,0.931560721989871,0.7400029057334974,36.854659759846164,39.48438677317785,3,0.3775525029252538,5.231520940730693,0.6158275962685238,0.8775670720462685,2.9938221159875256,96.6826630825139,98.33869184440027,2,1.5274602632589416,21.165110260056153,0.6790259749981588,0.9516945287464857,0.7729378134648697,1.548154758904282
28,77.27034649139999,91,703,0.23335784079397082,1.528255547784021,1.5666481233399792,19.22317175614275,2.8755368664711427,1.4671106461587462,18.382843706765186,2.3139223390793964,1.9475058920406796,2.758081323227137,1.1881465152615123,0.9854870436998595,71.0,1.776371577066538,1.2671925393876853,2.903529526915373,1.4018166315316936,0.9126002062307232,0.7128757540279271,34.458742608268025,34.71896094478178,4,0.36371211940200365,4.557299793801576,0.6421835551456412,0.8154020117614094,1.1527424032548306,102.78679543798197,98.86286016211437,2,0.5881338792116483,7.369296384365135,0.9283040341614318,0.9805946468300861,1.3026116657983,0.8475762724852859
29,84.1412845528,81,706,-0.03215665499365589,2.6485853025445714,0.13431865689613734,21.278310532980253,3.797332531268626,1.9374145567697072,25.702708592711318,2.330981224057738,1.984678256436175,1.4169379784617027,1.1744882156583953,1.173452821735506,107.20000000000002,3.233230585131951,2.140480792121357,1.8040543093434027,1.510516047157614,1.5222986620621861,0.8028934823339318,32.45968154143827,35.31536001780141,4,0.4096395318030264,5.434482505149986,0.5545833323830566,0.8372714822601139,3.7582026417908443,122.22810396682597,116.49482378495819,2,1.9174503274443084,25.43785316110749,0.8652252792108632,0.9530233823682128,0.720944938098997,0.7775410382885154
30,63.777055111100005,95,712,-0.05474819935123243,0.07507239915454189,4.826100989081595,12.95092095813203,7.061967264860716,3.6030445228881205,32.22660991654454,1.8501751820261882,1.1191595856229712,1.239882468899422,1.6531826254218276,1.6241914529198807,37.29999999999999,2.309469356080384,1.4674726524561301,2.016208488432427,1.573773352583431,1.3884617196754812,1.0481320097704483,30.70658351408983,33.580097171384274,3,0.5347612294747185,4.783049843347339,0.6666097103680114,0.8948894709382976,5.771381004436048,79.59024557280033,95.80818541351356,2,2.9445821451204326,26.33714336728575,0.7290405191334729,0.9718364737302592,0.8011256686108593,1.0504578837276932
31,84.1412845528,81,715,0.023921735319463733,2.4827605305195104,0.7201200033706946,12.914098307914019,2.4526557162686755,1.2513549572799365,16.122580811771606,2.3780645192120513,2.0842711978048944,1.9883289560771724,1.1409573388129977,1.1605196317459439,107.20000000000002,2.694807869129652,1.882808126577996,1.915754860885705,1.4312705745685652,1.4437627361810428,0.396527656940394,33.455461930379556,33.11387309858657,4,0.20231002905122142,2.606582387702565,0.7161014420389331,0.8315322644598613,0.5359009575061138,94.39301803164237,89.64746757859363,1,0.2734188558704662,3.5227555327833144,0.9621986717145425,0.9800183170075952,0.882461620531077,0.7971639738048286
32,63.777055111100005,95,717,0.020664783081998317,4.021403754048872,0.1515892521093301,12.874095541659027,4.149829145461381,2.1172597680925413,30.608869391843044,2.521439730581109,2.117623705816313,2.4345464432709876,1.1906930035093892,1.1260045147731266,37.29999999999999,2.4862131955974247,2.158823556172176,2.2831322854600526,1.1516518746931526,1.03425961696987,0.5682345124670821,33.844551166238055,33.777515933026315,4,0.289915567585246,4.191260740231935,0.7527649797918693,0.8943660172764428,2.2084019718705674,108.41724003505323,106.35902530922606,2,1.126735699933963,16.28902905451048,0.918951564035819,0.9827435765438259,1.0141687507113482,1.0339001131106906
33,77.27034649139999,91,719,-0.055824030395999424,3.7946619834387336,0.07621005265991153,20.534256279323085,1.804622093050089,0.9207255576786169,13.150591344984086,2.826752020755431,2.0647531152770604,2.119101834421283,1.3690508564149189,1.3051250981497198,71.0,1.8936307642406163,1.505591967104677,2.307336224104339,1.257731713249079,1.1040101805716993,0.7699288507543658,30.492978059950065,30.147678662725284,5,0.39282084222161523,5.610603859931178,0.616280501605174,0.8058257016650823,1.865931256116725,100.61373563785367,101.6394739599579,2,0.9520057429166964,13.597361753202703,0.9003514313196689,0.9606014756535698,1.492768323231702,1.0885078606138274
34,63.777055111100005,95,720,0.07359934133257218,2.576911504899371,0.205076314319057,6.651555515964899,3.761040934333485,1.9188984358844312,27.137321928442816,2.80897492555943,2.330735915226908,2.1732848185785985,1.2051879868534843,1.3385395301120773,37.29999999999999,2.6191593144005285,2.368495506243243,0.5536257195810309,1.105832503163526,1.2862435658605005,1.71462670466609,45.93713755888508,45.884372176055734,4,0.8748095431969847,12.371675204825877,0.49989654739486394,0.8459626409249712,2.5780174032703043,118.81293380083291,119.4109811423159,3,1.3153150016685227,18.601363141524146,0.7754973095524134,0.9345623399278415,1.0724719607987445,1.0898467746297251
35,63.777055111100005,95,730,0.045202543587259336,1.5718810154102747,1.210905042140347,-1.1634766696103849,6.531422915492059,3.3323586303530917,43.3206621945902,2.2495298378084745,1.8324251346509806,2.143509396103019,1.227624417101733,1.2489718900744176,37.29999999999999,1.5459450074486545,1.2494783950898984,2.0358783864510603,1.237272299804292,1.3174811761037422,0.8293382866513501,40.75066481869885,42.832454668087664,3,0.4231317789037501,5.500713125748751,0.5705740267632617,0.8664760185263165,1.8231370776316649,109.76844909345705,115.78393888933368,2,0.9301719783835025,12.092235718985533,0.8650860841905472,0.9571095591299483,1.4551163378838288,0.9922022963707463
36,84.1412845528,81,801,0.3051766151480604,3.873058668040251,0.12323408589896372,19.763900029221343,1.551679651298585,0.79167329147887,10.825969438459758,2.357946571629952,2.2330858782135943,2.117224369948603,1.055913968483936,1.0691975893733823,107.20000000000002,2.274078488914,1.8074261321091403,2.3332539439116573,1.258186129167176,1.1743231004534531,0.8188003442386211,26.877111383118866,29.638379743335907,4,0.4177552776727659,5.712717502938955,0.5443626864850243,0.7728172564481971,0.8416097232736599,103.85914399453748,98.76786399241006,2,0.4293927159559489,5.871857078003253,0.9044056265283379,0.9590972024085241,1.0368800299219239,0.8392351052088541
37,81.7348548651,86,803,0.24105464805099897,0.9991844287228648,2.8547861044237632,-9.637507240325395,4.187291038354579,2.1363729787523362,24.264532677557668,1.5686423030155514,1.3964311996503074,2.3474990495568093,1.123322297158907,1.1318614481040685,54.5,1.1788446724668316,1.0504351121724032,2.2625792615988716,1.1222441622584995,1.0870965409425317,1.1703249460378589,34.809606817187294,36.60203105339874,3,0.59710456430503,6.781804187094542,0.6525014233012205,0.8623084258928196,4.80435551880374,96.82323543148185,97.52021828950548,2,2.4512017953080303,27.84030066523077,0.8529725558883127,0.9762817690839241,1.3306607220211935,1.0009606954855863
38,84.1412845528,81,806,-0.1130234429759368,3.903283469653081,0.11737937557566056,6.112473482571677,3.356697739581214,1.7126008875414358,23.419464908520908,2.2404156910693342,2.140851691428007,1.9326391474057847,1.0465067244218658,1.0344389294775715,107.20000000000002,2.709701690959197,1.996900544105936,2.178413973274063,1.3569537546359878,1.2647214254540329,0.5098346347625023,25.734913707582486,26.216489084776104,4,0.2601197116135216,3.55708355780007,0.7496001109686455,0.8684468623295394,0.47698628403637616,103.11066625570183,100.42641952886613,1,0.24336034899815112,3.327902720913257,0.9516155093438597,0.9798689667252117,0.8268126703926062,0.7712176784555185
39,64.3414580572,95,807,-0.01925818508734012,4.790038870877045,0.13401175959237388,-8.96803698399372,2.698168818282601,1.3766167440217354,20.603312836102475,2.4624572753466007,1.9020724713395885,1.999027412549831,1.2946180087514465,1.2564355894575123,37.3,2.132622127742323,1.9927912440767666,2.3303652740205094,1.0701683551055234,0.9987224085239816,0.512106105734117,26.093604998270514,25.99864346315604,4,0.2612786253745495,3.9104603945552974,0.7129322654036804,0.8494830690864543,2.433346102842455,114.54998930729984,113.63883844007864,2,1.24150311369513,18.581117184240927,0.9176636424029972,0.9827708638400021,1.154661786217821,1.209733031793667
40,64.3414580572,95,808,-0.19466030500336606,3.2025681308746865,1.8853946732866924,4.183548943062159,2.533937301601549,1.2928251538783413,16.656886918962154,2.2158705137718475,0.8776439063828887,1.9417891801665068,2.524794506811208,1.1781188684718649,37.3,2.202192729281494,1.8642460327816284,2.221236030640603,1.1812779485954532,1.0815819460020062,0.8531409760705797,36.21636290213669,33.85610774958863,4,0.43527600819927537,5.60813906301428,0.6872621072059539,0.8271034852684,2.9380536714214185,118.24210359914713,113.73494972945122,2,1.4990069752150095,19.313353860719786,0.8080636695788922,0.963331315303896,1.0062109843105405,2.1373416051770073
41,64.3414580572,95,810,0.0921404140350286,3.8700835859498635,1.0456382990417723,10.393034075251283,2.379564395182927,1.214063466930065,16.468358106353584,2.56350130197131,2.23339441007681,2.2486762774956564,1.1478050139308567,1.0944866473256274,37.3,2.4261890724507995,2.189972078801807,2.190508281558794,1.1078630161249514,1.0345652346241105,0.5384908542929575,31.445506982621335,30.392517677712,4,0.2747402317821212,3.7267578231733327,0.7791034850763743,0.8805373973426559,1.827637733666503,117.05812236158346,112.98099382906807,2,0.9324682314625016,12.648614489119835,0.9188788788145336,0.9780230040296332,1.0565958486416747,1.0360531917976765
42,64.3414580572,95,905,-0.24633338321683618,4.087436129538561,0.2300337945710571,8.178449525006274,3.557539916406553,1.8150713859217107,26.11432970899874,2.5974481850233486,1.97739464853258,1.6005740174992984,1.3135709591157785,1.1895913403768374,37.3,2.6070057037802585,2.2934306422717983,2.166519370625408,1.1367275101887724,1.0223608445573926,1.0832465515824956,37.61205077200336,34.78153309377157,4,0.5526768120318856,7.951634632039485,0.6890981300979068,0.8377449500078797,2.0780953697163866,110.20760837638129,112.29533811780135,2,1.0602527396512178,15.254380534493952,0.878274672784641,0.9640391660646542,0.9963339095334348,1.1555724193722015
43,83.47878450319999,35,912,0.115475746581862,0.618683373983238,5.604669238555374,-82.55501250103728,10.517633117735166,5.366139345783248,39.432909857523896,-0.24937230292765059,-0.08088606925886038,1.3464915245223181,3.0830068170278153,1.907373981921032,141.0,1.4304250098712117,1.4907116971564238,2.435220048074943,0.9595584529186892,0.8143314823917679,1.2392272747512767,37.02514850100835,42.34980201820017,2,0.6322588136486106,4.646134436449597,0.8010917267841668,0.9753306846189528,10.505586974487676,120.33887939800178,152.82171459784672,2,5.359993354330447,39.387746228455285,0.7933252078539532,0.9578725069834694,-0.17433441194523216,3.2129432111720058
44,75.26727006739999,31,913,0.042010841046340064,2.1896536681664056,0.09356192507987998,45.56537516460226,3.886429370866594,1.9828721279931603,25.31561663842017,2.935086053626881,2.35905928973867,1.2644028731614108,1.244176467456238,1.198222289236672,164.3,2.553154689541617,2.1081010342292292,1.3693096795225708,1.211115903880342,1.2098213390002504,0.8945995571422324,24.68511716558392,28.400380485065963,4,0.4564283454807308,5.827287021676486,0.6346315079864476,0.8777241848938824,3.7825932635819464,113.38733007167427,112.27344672531584,2,1.929894522235687,24.639243846224574,0.8878887126642901,0.9622720989409488,1.1495919403746877,1.0272976050186213
45,66.2723487643,32,914,0.17650213535244796,2.1803436291719627,1.0807574655201606,7.897756571637903,7.080642777571438,3.612572845699713,46.263505495583196,2.350985689192897,2.1664998875713835,5.96470270498701,1.08515384777071,0.1581774765792527,52.5,2.387086165828055,1.8035907201237815,1.4248056449485298,1.3235187668653716,0.7917164129216345,0.8636494483353769,25.167926515604123,26.45012629369034,3,0.44063747364049843,5.642912974777307,0.5289624938030904,0.8763073082799331,1.2709266323271116,87.05509550263321,88.60988998909906,2,0.6484319552689345,8.303980738216975,0.8906729988308407,0.964347560323654,0.9848767601471835,0.8199006126228142
46,92.56042634239999,33,916,-0.05249413305117889,0.07376511340475567,1.8794551074327774,39.954231319744814,3.913072692013632,1.9964656591906285,23.19683474796095,1.402340558788792,1.307277968930043,0.14325781159429526,1.0727179621458427,1.023583147362085,272.5,0.5676791734595551,0.6592862499053161,2.107927693914395,0.861051134527806,0.8611497163143869,0.8953641289876092,27.572003843602737,28.546844203337415,3,0.4568184331569435,5.307750551572225,0.738387494618524,0.8894419224249663,3.575261412684888,101.27096736035315,108.58465983112522,3,1.824112965655555,21.19427741275496,0.6934357828231001,0.8933786005651505,2.4703047502035993,1.2458237602045703
47,78.937332947,30,918,-0.025170647309389726,2.2163630905537253,0.10889755944745957,9.001679769386405,2.174139203009653,1.1092546954130882,14.505387359860926,2.146097091430072,1.781990273480632,1.4189352076331048,1.2043259289166919,0.9163315757929427,132.3,1.2916158908620432,0.7294469519828141,-0.39007113318430503,1.770678302721147,0.8153471890776819,0.6782182618465827,22.480853991564796,24.243819716751375,4,0.34602972543193,4.5249258138567265,0.6151787451601797,0.8082440266575185,1.598432485702542,87.00614883069646,82.34456643284764,3,0.8155267784196644,10.664396438647811,0.8280301354188652,0.9334851603131213,1.6615598388137944,0.6801494811710886
48,83.47878450319999,35,919,0.0906812471297973,0.3613703923568954,4.525227871467786,3.0966780436493297,7.044689271735921,3.594229220273429,32.14776345298981,1.913729664780161,1.0585576730019355,1.2660004879127469,1.8078652808335571,1.3333170566474104,141.0,1.082810987772217,-1.117412637268634,1.210522098491443,0.9690341344438379,0.8956852346633062,1.5686989633624573,35.592495394043944,37.245762877938525,3,0.8003566139604374,7.1586071802283815,0.6703920328123387,0.8655104453395399,7.0312855798246305,125.95287378222442,137.57041460827193,2,3.587390601951342,32.08659699122837,0.8315618348566289,0.9523331277238754,1.7673718556527414,1.8656363244326304
49,92.56042634239999,33,920,-0.1896755878318705,1.3371595465828339,0.6848814703344833,50.66294209541069,2.866849362204044,1.4626782460224714,18.21019730714203,2.0743965452484017,2.019045402475114,0.13090444934438647,1.027414511187036,1.145967283186183,272.5,0.7463688686668096,0.4015669968582097,0.0908523441567888,1.8586409603036849,1.839697587042605,0.3773987375401165,24.373709395704232,25.214365600725735,4,0.1925503762959778,2.3972328524398727,0.7273854975436146,0.8282249855112096,2.7890583072043507,109.44303187406692,109.88105486400156,2,1.4229889322471176,17.716069335525805,0.8307985912239635,0.9705927115213743,2.7793181526364594,0.5527772889601905
50,66.2723487643,32,921,0.06987060491899832,2.1794821286564514,0.3977582780075554,20.664187765617683,5.549504525647391,2.831379860024179,38.092320171221495,2.4289713994776303,2.0012072806303567,1.2115528007011889,1.2137530294775527,0.8518839485207427,52.5,2.214623338937178,3.0418900676743927,1.8298388745464518,0.7280418718847119,0.9182626701757508,0.6626118119609029,24.672692972258144,27.270644005996605,4,0.3380672510004607,4.548229697587901,0.48631669563900265,0.849818508697072,1.4900668189096857,90.7685609076617,102.33855183080236,2,0.760238172913105,10.227958564607134,0.7454397829275405,0.9528154660661408,1.0967875921705585,1.667147284174
51,66.2723487643,32,922,0.22959729394419115,1.8326195493885784,2.596283671772122,25.864719196126806,5.532168654765147,2.822535027941402,32.4284585801147,2.3417819568256117,1.9201620974459406,0.9916792568814196,1.2195751389637777,1.2351057918670918,52.5,1.403516152343362,1.1069516346693515,0.3501667101706598,1.2679109984444756,1.3304691760141063,0.541112463437608,18.142200744965816,18.801717179172154,4,0.27607778746816736,3.171892290856998,0.568201321425658,0.8625161041755993,2.480074033228975,97.22105653107907,98.84643313342403,2,1.265343894504579,14.537694542791922,0.9357150828651107,0.9875312591092937,1.6685108702993456,0.9618775611695156
