NO_OF_FRAMES	231
NO_OF_CAMERAS	23
NO_OF_MARKERS	11
FREQUENCY	179
NO_OF_ANALOG	0
ANALOG_FREQUENCY	0
DESCRIPTION	--
TIME_STAMP	2015-05-19, 16:39:28	91112.72055623
DATA_INCLUDED	3D
MARKER_NAMES	01	02	03	04	05	06	07	08	09	10	11
Frame	Time	01 X	01 Y	01 Z	02 X	02 Y	02 Z	03 X	03 Y	03 Z	04 X	04 Y	04 Z	05 X	05 Y	05 Z	06 X	06 Y	06 Z	07 X	07 Y	07 Z	08 X	08 Y	08 Z	09 X	09 Y	09 Z	10 X	10 Y	10 Z	11 X	11 Y	11 Z	
846	4.72067	133.354	-4540.629	7852.818	142.314	-4641.057	7836.523	185.156	-4677.167	7805.144	229.814	-4712.148	7775.649	260.905	-4762.250	7754.279	290.844	-4837.237	7739.199	320.884	-4909.129	7733.163	366.369	-4977.869	7729.604	432.715	-5058.625	7730.186	432.881	-5271.388	7831.008	NA	NA	NA
847	4.72626	130.798	-4533.372	7844.861	136.749	-4634.150	7829.608	180.002	-4670.794	7800.267	225.501	-4705.502	7771.573	256.938	-4755.537	7750.327	286.335	-4830.574	7735.088	314.946	-4903.156	7729.398	358.450	-4972.924	7726.558	425.278	-5053.413	7726.763	431.603	-5268.533	7820.731	NA	NA	NA
848	4.73184	128.246	-4526.058	7836.482	128.048	-4628.164	7825.983	174.725	-4664.499	7795.230	221.029	-4698.995	7767.567	252.837	-4748.753	7746.310	281.907	-4823.872	7730.804	309.307	-4896.840	7725.225	350.786	-4967.900	7722.958	417.743	-5048.242	7721.771	432.088	-5266.397	7809.384	NA	NA	NA
849	4.73743	125.449	-4518.713	7827.604	122.007	-4621.121	7818.841	169.278	-4658.273	7789.875	216.399	-4692.680	7763.349	248.613	-4742.120	7742.193	277.636	-4817.212	7726.244	304.001	-4890.544	7720.688	343.339	-4962.724	7718.855	409.939	-5043.436	7717.223	433.887	-5264.417	7797.605	NA	NA	NA
850	4.74302	122.645	-4511.456	7818.442	116.701	-4613.880	7810.872	163.698	-4652.217	7784.457	211.432	-4686.508	7758.928	244.286	-4735.664	7737.892	273.558	-4810.460	7721.469	298.920	-4884.196	7715.708	336.132	-4957.490	7714.241	401.991	-5038.789	7712.202	436.548	-5262.030	7786.032	NA	NA	NA
851	4.74860	119.633	-4503.965	7808.945	107.056	-4606.550	7805.829	157.945	-4646.271	7778.776	206.200	-4680.561	7754.280	239.836	-4729.147	7733.325	269.600	-4803.710	7716.580	294.150	-4877.745	7710.419	329.061	-4952.120	7708.901	393.875	-5034.397	7708.663	439.620	-5258.672	7775.302	NA	NA	NA
852	4.75419	116.593	-4496.416	7799.261	102.087	-4599.220	7797.457	152.017	-4640.472	7772.743	200.788	-4674.770	7749.333	235.314	-4722.931	7728.589	265.789	-4797.125	7711.458	289.631	-4871.099	7704.717	321.971	-4946.596	7702.395	385.532	-5029.985	7703.080	442.651	-5253.781	7766.053	NA	NA	NA
853	4.75978	113.430	-4488.793	7789.310	97.110	-4591.805	7789.123	148.406	-4633.567	7762.462	195.243	-4669.123	7743.806	230.736	-4716.796	7723.528	262.019	-4790.480	7706.131	285.287	-4864.683	7698.605	315.066	-4940.997	7695.925	377.015	-5025.635	7697.296	445.613	-5248.101	7757.485	NA	NA	NA
854	4.76536	110.141	-4481.092	7779.148	92.539	-4584.313	7780.357	142.332	-4627.965	7755.670	189.740	-4663.265	7736.722	225.828	-4709.547	7717.763	258.254	-4784.000	7700.517	281.187	-4858.233	7692.071	308.409	-4935.366	7689.097	368.419	-5021.531	7691.188	447.703	-5241.765	7749.120	464.254	-5343.378	7830.563
855	4.77095	106.713	-4473.576	7769.004	88.044	-4576.921	7771.476	136.216	-4622.343	7748.410	183.878	-4657.994	7730.747	220.969	-4703.727	7712.236	254.513	-4777.567	7694.513	277.214	-4851.755	7685.114	300.830	-4929.688	7682.065	359.633	-5017.440	7684.577	449.189	-5234.596	7741.655	458.629	-5352.105	7814.497
856	4.77654	103.242	-4466.045	7758.873	83.802	-4569.562	7762.294	130.242	-4616.759	7740.941	180.909	-4651.861	7721.329	216.024	-4698.031	7706.348	250.697	-4771.200	7688.200	273.390	-4845.300	7677.835	295.089	-4925.250	7675.290	350.924	-5013.265	7677.515	449.518	-5226.958	7734.420	451.060	-5355.101	7796.753
857	4.78212	99.589	-4458.543	7748.708	79.688	-4562.127	7752.823	124.368	-4611.094	7733.096	174.858	-4646.893	7714.762	211.147	-4692.021	7698.140	246.884	-4765.065	7681.504	269.659	-4838.920	7670.311	289.352	-4919.271	7667.344	342.261	-5009.039	7670.043	449.611	-5218.745	7727.595	445.342	-5351.962	7779.074
858	4.78771	95.902	-4451.184	7738.586	75.966	-4554.805	7742.880	118.641	-4605.371	7724.975	168.762	-4642.064	7707.652	206.201	-4686.812	7692.448	242.977	-4758.855	7674.477	265.885	-4832.512	7662.535	283.734	-4913.349	7659.038	333.830	-5004.517	7662.225	449.398	-5210.472	7720.133	443.204	-5345.050	7761.139
859	4.79330	92.186	-4443.991	7728.421	72.218	-4547.657	7732.882	113.008	-4599.632	7716.650	162.658	-4637.255	7700.168	201.030	-4681.553	7685.596	238.883	-4752.845	7667.196	262.047	-4826.234	7654.522	278.283	-4907.330	7650.331	325.559	-4999.942	7653.979	448.950	-5201.953	7712.261	444.401	-5337.064	7743.262
860	4.79888	88.421	-4436.936	7718.193	68.595	-4540.636	7722.721	107.494	-4593.865	7708.023	156.629	-4632.382	7692.296	199.050	-4675.500	7675.821	234.584	-4746.898	7659.598	258.074	-4819.998	7646.261	273.038	-4901.313	7641.246	317.495	-4995.145	7645.372	448.039	-5193.134	7704.118	448.268	-5328.414	7726.134
861	4.80447	84.693	-4430.041	7707.738	65.259	-4533.722	7712.209	102.083	-4588.052	7699.199	150.602	-4627.368	7683.878	193.696	-4670.098	7667.839	230.043	-4740.999	7651.688	253.899	-4813.833	7637.735	268.025	-4895.253	7631.810	309.650	-4990.326	7636.711	446.371	-5184.403	7695.742	454.668	-5319.088	7710.551
862	4.81006	80.889	-4421.485	7696.475	67.889	-4525.898	7696.563	96.581	-4582.503	7690.998	144.601	-4622.349	7675.192	188.187	-4664.716	7659.571	225.254	-4735.100	7643.542	249.589	-4807.667	7628.978	263.246	-4889.060	7621.920	301.983	-4985.358	7627.670	444.055	-5175.445	7687.044	463.063	-5309.268	7696.866
863	4.81564	77.542	-4414.909	7685.658	65.312	-4518.838	7684.886	91.260	-4576.469	7681.777	138.534	-4617.331	7666.257	182.534	-4659.365	7650.894	220.268	-4729.391	7634.942	245.082	-4801.634	7619.882	258.651	-4882.809	7611.765	294.588	-4980.247	7618.205	441.030	-5166.602	7677.984	473.094	-5298.708	7685.712
864	4.82123	74.326	-4408.417	7674.576	61.783	-4512.673	7674.510	86.015	-4570.342	7672.098	132.513	-4612.319	7657.126	176.743	-4654.084	7641.993	215.172	-4723.708	7626.002	240.534	-4795.626	7610.432	254.170	-4876.740	7601.447	287.250	-4974.970	7607.869	437.538	-5157.766	7668.839	484.100	-5286.439	7677.266
865	4.82682	71.386	-4402.000	7663.082	58.714	-4505.550	7662.955	80.818	-4564.271	7662.334	126.419	-4607.248	7647.673	170.830	-4648.872	7632.654	209.843	-4717.997	7616.745	235.790	-4789.630	7600.553	249.667	-4870.449	7591.077	280.431	-4969.559	7597.694	433.467	-5148.907	7659.320	496.094	-5271.551	7671.744
866	4.83240	68.707	-4395.604	7651.165	55.724	-4498.085	7650.663	75.545	-4558.030	7652.331	120.339	-4602.185	7638.078	164.722	-4643.716	7623.120	204.350	-4712.330	7607.111	230.941	-4783.637	7590.482	245.116	-4864.308	7580.370	273.910	-4963.937	7587.123	428.985	-5139.998	7649.677	508.098	-5253.035	7668.677
867	4.83799	66.301	-4389.388	7638.721	52.760	-4491.263	7638.791	70.349	-4551.757	7642.090	114.151	-4597.084	7628.294	158.569	-4638.615	7613.104	198.725	-4706.855	7597.056	225.965	-4777.701	7580.133	240.575	-4858.256	7569.597	267.737	-4958.263	7576.116	423.798	-5131.063	7639.707	518.997	-5231.371	7667.869
868	4.84358	64.211	-4383.359	7625.903	49.927	-4484.567	7626.709	65.148	-4545.500	7631.777	108.011	-4591.952	7618.352	152.257	-4633.572	7602.854	193.366	-4701.235	7586.861	220.777	-4771.785	7569.525	235.955	-4852.172	7558.590	261.822	-4952.489	7564.773	418.404	-5122.114	7629.823	527.335	-5205.867	7667.647
869	4.84916	62.449	-4377.457	7612.647	47.132	-4478.074	7614.475	60.029	-4539.221	7621.240	101.989	-4586.770	7608.292	145.877	-4628.482	7592.224	187.279	-4694.389	7575.320	215.403	-4766.035	7558.601	231.279	-4846.009	7547.223	256.076	-4946.718	7553.075	412.605	-5113.319	7619.903	532.774	-5177.165	7664.349
870	4.85475	60.994	-4371.779	7598.996	44.615	-4471.727	7601.877	54.854	-4532.896	7610.394	93.264	-4582.716	7601.490	139.420	-4623.341	7581.263	181.272	-4688.869	7564.114	209.935	-4760.224	7547.488	226.542	-4840.188	7535.793	250.640	-4942.333	7541.689	406.725	-5104.349	7610.264	533.867	-5147.361	7660.882
871	4.86034	59.808	-4366.295	7585.061	42.269	-4465.488	7589.065	49.844	-4527.195	7599.633	87.194	-4577.467	7590.980	133.018	-4618.231	7570.153	175.086	-4683.240	7552.467	204.285	-4754.415	7535.885	221.614	-4834.211	7524.022	245.098	-4936.577	7529.325	400.711	-5095.498	7600.806	536.511	-5120.057	7650.828
872	4.86592	58.839	-4360.947	7570.748	41.799	-4456.045	7573.719	44.679	-4520.302	7587.509	81.064	-4572.245	7580.264	126.587	-4613.061	7558.750	169.003	-4677.608	7540.574	198.436	-4748.585	7523.918	216.528	-4828.204	7512.124	239.650	-4930.703	7516.525	394.680	-5086.333	7591.662	531.431	-5092.537	7643.584
873	4.87151	58.107	-4355.775	7556.110	40.158	-4450.003	7560.078	39.708	-4514.909	7575.890	74.776	-4566.990	7569.116	120.171	-4607.864	7547.098	162.752	-4671.825	7528.375	192.488	-4742.812	7511.743	211.189	-4822.299	7499.976	234.323	-4924.905	7503.448	388.773	-5077.319	7582.741	524.240	-5068.319	7634.859
874	4.87709	57.482	-4350.838	7541.203	38.683	-4444.279	7546.343	34.590	-4508.687	7563.404	68.582	-4561.764	7557.870	111.277	-4603.737	7538.774	156.667	-4665.952	7515.906	186.338	-4736.819	7499.074	205.592	-4816.252	7487.412	229.102	-4918.887	7490.061	382.733	-5068.126	7573.645	515.827	-5047.586	7625.481
875	4.88268	57.062	-4346.174	7525.906	37.046	-4438.898	7534.073	29.555	-4502.655	7550.544	64.869	-4555.338	7542.973	104.881	-4598.434	7526.646	150.430	-4660.107	7503.095	180.143	-4730.910	7486.250	199.708	-4810.349	7474.552	224.018	-4912.871	7476.345	377.055	-5058.218	7564.533	507.581	-5030.141	7615.911
876	4.88827	56.918	-4341.949	7511.205	36.102	-4433.676	7519.723	24.535	-4496.539	7537.181	56.050	-4551.060	7534.273	98.492	-4593.040	7514.312	146.101	-4653.758	7488.849	173.766	-4725.018	7473.045	193.664	-4804.520	7461.228	218.883	-4906.709	7462.325	371.978	-5048.955	7553.870	499.539	-5015.717	7606.546
877	4.89385	56.777	-4337.891	7495.316	35.318	-4428.739	7505.202	19.632	-4490.706	7523.460	52.318	-4544.472	7518.862	92.105	-4587.512	7501.670	137.895	-4648.313	7476.868	167.290	-4719.172	7459.564	187.485	-4798.406	7447.511	213.936	-4900.486	7447.997	NA	NA	NA	492.154	-5003.776	7597.769
878	4.89944	56.803	-4334.145	7479.233	34.692	-4424.077	7490.465	14.667	-4484.359	7508.935	46.045	-4538.936	7506.454	85.737	-4581.942	7488.775	133.418	-4641.930	7462.035	160.711	-4713.237	7445.705	181.241	-4792.480	7433.408	208.905	-4894.146	7433.405	NA	NA	NA	483.859	-4993.590	7591.001
879	4.90503	57.084	-4330.787	7463.741	34.211	-4419.639	7475.676	9.934	-4478.170	7494.091	39.685	-4533.304	7493.669	79.277	-4576.392	7475.696	124.848	-4636.420	7449.521	154.063	-4707.228	7431.510	174.983	-4786.356	7418.928	203.909	-4887.729	7418.561	NA	NA	NA	478.448	-4986.680	7581.822
880	4.91061	57.341	-4327.599	7447.289	33.844	-4415.326	7460.638	5.334	-4472.049	7478.815	33.351	-4527.572	7480.679	72.794	-4570.862	7462.452	118.322	-4630.500	7435.502	147.374	-4701.203	7417.047	168.693	-4780.243	7404.119	198.699	-4879.641	7402.798	NA	NA	NA	472.043	-4980.813	7574.467
881	4.91620	57.687	-4324.686	7430.535	33.532	-4411.307	7445.335	1.051	-4465.989	7463.057	26.988	-4521.743	7467.443	66.200	-4565.313	7448.902	111.723	-4624.601	7421.219	140.621	-4695.042	7402.165	162.113	-4772.873	7387.977	193.644	-4873.002	7387.576	NA	NA	NA	465.937	-4976.845	7566.821
882	4.92179	58.032	-4321.988	7413.518	33.227	-4407.494	7429.880	-3.180	-4459.884	7447.152	20.608	-4515.846	7453.778	59.563	-4559.792	7435.100	104.904	-4618.641	7406.437	133.862	-4688.870	7386.981	156.065	-4767.647	7373.349	188.606	-4866.268	7372.104	NA	NA	NA	459.720	-4974.391	7559.236
883	4.92737	58.512	-4319.560	7396.324	33.020	-4403.854	7414.272	-6.516	-4452.431	7429.470	14.233	-4509.830	7439.900	52.873	-4554.315	7421.143	97.983	-4612.615	7391.388	127.106	-4682.637	7371.398	149.465	-4760.215	7356.563	183.548	-4859.452	7356.503	NA	NA	NA	453.898	-4973.230	7550.872
884	4.93296	58.903	-4317.379	7378.833	32.873	-4400.513	7398.438	-10.217	-4446.330	7412.619	7.465	-4504.420	7427.135	45.993	-4548.812	7406.778	91.088	-4606.668	7376.110	120.341	-4676.372	7355.539	144.196	-4753.687	7340.047	178.659	-4852.590	7341.275	NA	NA	NA	447.293	-4973.307	7541.371
885	4.93855	59.287	-4315.468	7361.105	32.767	-4397.328	7382.445	-13.642	-4440.226	7395.307	1.031	-4498.257	7412.438	39.167	-4543.342	7392.241	84.021	-4600.651	7360.412	113.569	-4669.909	7339.182	138.086	-4747.179	7323.595	173.708	-4845.612	7325.406	NA	NA	NA	440.563	-4973.963	7531.043
886	4.94413	59.724	-4313.865	7343.117	32.729	-4394.274	7366.201	-16.788	-4433.730	7377.579	-5.447	-4492.049	7397.401	32.268	-4537.910	7377.510	76.879	-4594.625	7344.383	106.762	-4663.488	7322.457	132.203	-4740.456	7306.808	168.771	-4838.444	7309.430	NA	NA	NA	433.453	-4974.969	7519.573
887	4.94972	60.094	-4312.462	7324.684	32.597	-4391.435	7349.885	-19.533	-4428.083	7360.167	-11.864	-4485.684	7381.859	25.349	-4532.504	7362.476	69.703	-4588.651	7328.130	99.901	-4656.809	7305.423	126.122	-4733.774	7289.913	163.876	-4831.207	7293.093	NA	NA	NA	426.034	-4976.260	7507.020
888	4.95531	60.314	-4311.277	7306.021	32.550	-4388.770	7333.108	-21.878	-4422.396	7342.412	-18.260	-4479.213	7365.860	18.332	-4526.986	7347.136	62.352	-4582.648	7311.542	93.075	-4650.235	7288.160	120.164	-4726.996	7272.796	159.030	-4823.822	7276.743	NA	NA	NA	418.366	-4977.224	7493.429
889	4.96089	60.415	-4310.246	7287.362	32.592	-4386.411	7316.078	-23.845	-4416.853	7324.588	-24.605	-4472.685	7349.413	11.390	-4521.495	7331.610	54.808	-4576.698	7294.823	86.224	-4643.611	7270.571	114.125	-4720.110	7255.365	154.150	-4816.302	7260.108	NA	NA	NA	410.466	-4978.297	7478.810
890	4.96648	60.342	-4309.301	7268.536	32.751	-4384.083	7298.593	-24.559	-4412.746	7310.286	-30.757	-4466.616	7332.865	4.341	-4515.906	7315.739	47.355	-4570.794	7277.839	79.074	-4636.126	7252.002	108.191	-4713.045	7237.624	149.353	-4808.731	7243.332	NA	NA	NA	402.475	-4978.915	7463.326
891	4.97207	60.048	-4308.487	7249.703	32.866	-4382.178	7280.749	-26.023	-4408.160	7292.025	-37.001	-4459.984	7315.423	-2.721	-4510.272	7299.669	40.058	-4564.124	7257.777	72.211	-4629.426	7233.975	102.435	-4706.072	7219.911	144.690	-4801.017	7226.348	288.423	-4936.687	7358.509	394.204	-4979.412	7446.838
892	4.97765	59.764	-4307.658	7230.655	33.067	-4380.242	7262.252	-27.498	-4403.805	7273.160	-43.080	-4453.240	7297.409	-9.920	-4504.534	7283.169	32.383	-4558.274	7240.513	65.338	-4622.755	7215.816	96.439	-4698.928	7201.703	140.033	-4793.180	7209.014	282.363	-4931.064	7341.710	386.054	-4979.769	7429.552
893	4.98324	59.135	-4306.716	7211.081	33.195	-4378.590	7243.627	-28.917	-4399.679	7253.767	-49.039	-4446.248	7278.735	-17.025	-4498.663	7266.424	24.686	-4552.495	7222.969	58.385	-4616.067	7197.417	90.754	-4691.655	7183.165	135.412	-4785.265	7191.388	276.287	-4925.598	7324.164	377.800	-4979.925	7411.571
894	4.98883	58.265	-4305.874	7191.430	33.367	-4377.035	7224.610	-29.772	-4395.422	7233.143	-54.797	-4439.129	7259.462	-24.305	-4492.701	7249.347	17.047	-4546.792	7205.571	52.607	-4609.175	7178.092	84.892	-4684.453	7164.282	130.835	-4777.213	7173.402	270.260	-4920.202	7305.963	369.473	-4979.814	7392.945
895	4.99441	57.444	-4304.886	7171.731	33.482	-4375.618	7205.195	-30.890	-4391.480	7212.693	-60.356	-4431.848	7239.453	-31.615	-4486.609	7231.859	9.253	-4541.091	7187.886	45.023	-4602.898	7160.607	79.128	-4677.134	7145.292	126.406	-4769.174	7155.048	264.172	-4914.679	7287.626	357.793	-4977.454	7377.041
896	5.00000	56.328	-4303.795	7151.732	32.884	-4373.998	7186.791	-32.258	-4386.180	7188.222	-65.616	-4424.403	7218.808	-38.988	-4480.388	7214.114	1.457	-4535.436	7170.205	39.348	-4596.076	7141.173	73.380	-4669.760	7126.000	121.995	-4760.980	7136.342	257.949	-4909.150	7268.674	349.082	-4976.353	7357.248
897	5.00559	55.066	-4302.629	7130.637	32.764	-4372.519	7167.055	-33.010	-4382.655	7167.079	-70.590	-4417.087	7197.598	-46.419	-4473.984	7195.997	-6.383	-4529.809	7152.299	32.410	-4589.482	7122.381	67.738	-4662.369	7106.447	117.637	-4752.800	7117.117	251.648	-4903.377	7249.477	340.531	-4974.968	7336.783
898	5.01117	53.883	-4301.465	7111.242	32.610	-4371.137	7147.056	-33.607	-4379.257	7145.672	-74.878	-4407.292	7173.329	-53.932	-4467.365	7177.392	-14.232	-4524.239	7134.300	25.583	-4583.007	7103.620	62.089	-4654.918	7086.762	113.317	-4744.560	7097.568	245.325	-4897.480	7229.911	332.223	-4973.249	7315.697
899	5.01676	52.528	-4300.213	7090.653	32.477	-4369.696	7126.718	-34.085	-4376.071	7123.947	-79.099	-4400.084	7150.784	-59.716	-4459.683	7155.704	-22.115	-4518.629	7116.172	18.771	-4576.503	7084.663	56.508	-4647.405	7066.968	109.069	-4736.267	7077.566	238.835	-4891.490	7209.887	323.918	-4970.939	7294.162
900	5.02235	50.922	-4298.804	7069.573	32.294	-4368.318	7106.218	-34.604	-4373.103	7102.214	-82.872	-4393.072	7127.656	-67.264	-4452.667	7136.323	-30.032	-4513.045	7097.934	11.831	-4570.027	7065.706	50.978	-4639.826	7046.856	104.762	-4727.931	7057.159	232.209	-4885.302	7189.556	315.689	-4968.259	7272.297
901	5.02793	49.344	-4297.295	7048.316	32.032	-4366.734	7085.484	-34.949	-4370.272	7080.454	-86.251	-4386.211	7104.249	-74.877	-4445.552	7116.430	-37.977	-4507.441	7079.461	4.852	-4563.583	7046.658	45.419	-4632.182	7026.843	100.459	-4719.519	7036.375	225.512	-4879.000	7168.920	307.415	-4964.974	7250.183
902	5.03352	47.581	-4295.572	7026.759	31.753	-4365.198	7064.435	-35.429	-4367.614	7058.430	-89.209	-4379.585	7080.373	-82.494	-4438.220	7096.014	-45.861	-4501.808	7060.888	-6.689	-4560.478	7032.415	39.855	-4624.573	7006.566	96.203	-4711.072	7015.357	218.708	-4872.649	7147.940	299.000	-4960.990	7227.792
903	5.03911	45.764	-4293.687	7004.841	31.404	-4363.562	7043.125	-35.779	-4365.081	7036.158	-91.517	-4373.212	7056.351	-90.562	-4431.752	7076.978	-53.727	-4496.116	7042.098	-13.888	-4554.233	7013.378	34.307	-4616.878	6986.150	91.906	-4702.647	6994.069	211.807	-4866.126	7126.555	290.713	-4956.599	7205.636
904	5.04469	43.830	-4291.618	6982.858	30.966	-4361.812	7021.651	-36.198	-4362.814	7013.861	-92.535	-4367.528	7032.587	-98.123	-4424.222	7054.879	-61.631	-4490.390	7022.995	-21.016	-4547.935	6994.292	28.739	-4609.071	6965.777	87.555	-4694.009	6972.509	204.812	-4859.589	7104.788	282.248	-4951.748	7183.381
905	5.05028	41.694	-4289.442	6960.472	30.439	-4359.934	6999.930	-36.655	-4360.627	6991.590	-93.001	-4363.936	7011.695	-105.426	-4416.667	7032.237	-69.558	-4484.551	7003.524	-25.512	-4541.077	6969.467	23.138	-4601.300	6945.225	83.174	-4685.506	6950.669	197.790	-4852.823	7082.723	273.731	-4946.276	7161.313
906	5.05587	39.541	-4286.960	6937.914	29.876	-4357.983	6977.798	-37.141	-4358.545	6969.021	-94.470	-4359.329	6985.936	-112.411	-4409.071	7008.848	-77.463	-4478.625	6983.841	-32.749	-4534.747	6949.977	19.012	-4595.604	6919.876	78.720	-4676.882	6928.685	190.822	-4846.241	7060.172	265.000	-4940.330	7139.155
907	5.06145	37.167	-4284.377	6915.261	29.237	-4355.922	6955.425	-37.691	-4356.597	6946.378	-95.797	-4355.306	6960.336	-118.616	-4400.142	6982.666	-85.376	-4472.644	6963.828	-39.782	-4528.354	6930.120	13.306	-4587.749	6899.109	74.199	-4668.123	6906.480	183.776	-4839.624	7036.931	256.159	-4933.885	7117.496
908	5.06704	34.561	-4281.589	6892.368	28.478	-4353.786	6932.788	-38.251	-4354.570	6923.431	-97.041	-4351.640	6934.618	-124.852	-4392.521	6957.933	-93.316	-4466.606	6943.459	-46.910	-4522.007	6910.072	6.292	-4577.650	6880.618	69.566	-4659.451	6884.103	176.873	-4832.860	7013.402	247.069	-4927.072	7095.824
909	5.07263	31.815	-4278.718	6869.403	27.833	-4351.507	6909.698	-38.847	-4352.571	6900.349	-98.775	-4346.654	6905.282	-130.573	-4385.028	6932.538	-101.343	-4460.449	6922.531	-53.245	-4512.920	6889.184	0.461	-4569.831	6859.595	64.929	-4650.690	6861.562	169.992	-4826.290	6989.260	237.674	-4919.762	7074.313
910	5.07821	28.898	-4275.548	6846.175	27.128	-4349.014	6886.314	-39.411	-4350.532	6877.133	-99.599	-4343.244	6879.230	-135.815	-4377.608	6906.555	-109.411	-4454.175	6901.182	-60.410	-4506.595	6868.819	-5.425	-4562.008	6838.415	60.145	-4641.912	6838.741	163.118	-4819.647	6964.495	228.037	-4912.310	7052.558
911	5.08380	25.697	-4272.298	6822.811	26.392	-4346.422	6862.563	-40.001	-4348.433	6853.834	-100.311	-4339.979	6853.238	-140.508	-4370.473	6880.542	-115.545	-4446.845	6876.748	-67.680	-4500.247	6848.074	-11.396	-4554.151	6817.050	55.386	-4633.087	6815.760	156.357	-4812.889	6939.402	218.058	-4904.484	7030.612
912	5.08939	22.346	-4268.850	6799.123	25.678	-4343.510	6838.641	-40.567	-4346.310	6830.343	-100.990	-4336.900	6827.185	-144.766	-4363.421	6853.876	-123.616	-4440.403	6854.786	-75.100	-4493.944	6827.032	-17.403	-4546.373	6795.578	50.535	-4624.106	6792.676	149.593	-4806.183	6913.789	208.296	-4896.873	7008.346
913	5.09497	18.753	-4265.379	6775.445	24.877	-4340.342	6814.485	-41.132	-4344.141	6806.770	-101.544	-4333.890	6801.206	-148.512	-4356.583	6826.940	-131.599	-4433.812	6832.352	-82.584	-4487.735	6805.686	-23.521	-4538.587	6773.969	45.615	-4615.181	6769.339	143.000	-4799.406	6887.810	198.195	-4888.938	6985.009
914	5.10056	14.997	-4261.646	6751.403	24.073	-4336.996	6789.943	-41.674	-4341.992	6783.102	-101.972	-4331.127	6775.183	-151.638	-4350.043	6799.906	-139.465	-4427.047	6809.166	-90.120	-4481.501	6784.006	-29.792	-4530.905	6752.219	40.663	-4606.181	6745.873	136.445	-4792.659	6861.235	188.296	-4881.308	6961.000
915	5.10615	11.026	-4257.729	6727.194	23.121	-4333.353	6765.244	-42.228	-4339.781	6759.231	-102.234	-4328.389	6749.082	-154.187	-4343.708	6774.053	-147.216	-4420.068	6785.570	-97.824	-4475.314	6761.958	-36.207	-4523.223	6730.027	35.621	-4597.102	6722.274	130.042	-4785.789	6834.507	178.467	-4874.000	6935.808
916	5.11173	6.873	-4253.720	6702.709	22.200	-4329.478	6740.042	-42.730	-4337.614	6735.307	-102.411	-4325.855	6723.097	-156.416	-4337.565	6746.137	-154.746	-4412.889	6761.592	-104.454	-4467.823	6735.742	-42.655	-4515.637	6707.864	30.482	-4588.054	6698.528	124.667	-4778.310	6809.782	168.929	-4866.765	6909.583
917	5.11732	2.519	-4249.548	6678.027	21.186	-4325.415	6714.539	-43.102	-4335.438	6711.223	-102.571	-4323.474	6697.158	-158.100	-4331.751	6718.051	-162.519	-4406.375	6739.628	-112.315	-4461.563	6712.924	-49.327	-4508.128	6685.470	25.304	-4578.884	6674.612	118.473	-4771.493	6782.356	159.863	-4860.533	6882.001
918	5.12291	-1.964	-4245.083	6652.840	20.122	-4321.235	6688.509	-43.479	-4333.166	6686.870	-102.667	-4321.186	6671.155	-159.406	-4326.496	6689.722	-169.867	-4398.854	6714.424	-120.228	-4455.268	6689.672	-56.108	-4500.691	6662.682	20.163	-4569.542	6648.724	111.148	-4765.044	6751.086	151.108	-4854.983	6853.360
919	5.12849	-6.615	-4240.561	6627.580	18.891	-4316.712	6661.994	-43.684	-4330.839	6662.282	-102.727	-4318.910	6645.240	-160.284	-4321.803	6661.103	-176.563	-4392.580	6689.472	-128.144	-4448.912	6666.235	-63.029	-4493.304	6639.703	14.641	-4560.453	6624.539	105.191	-4757.946	6722.617	142.350	-4849.560	6824.217
920	5.13408	-11.411	-4235.881	6601.950	17.565	-4312.113	6635.192	-43.775	-4328.438	6637.405	-102.725	-4316.657	6619.199	-161.126	-4317.396	6632.240	-183.513	-4385.078	6662.977	-136.023	-4442.500	6642.621	-70.047	-4485.988	6616.554	8.975	-4551.336	6600.189	100.282	-4750.159	6696.455	133.937	-4844.805	6793.700
921	5.13966	-16.330	-4231.009	6576.037	16.091	-4307.334	6607.849	-43.756	-4325.836	6612.169	-102.727	-4314.313	6593.175	-161.766	-4313.087	6603.287	-190.174	-4377.320	6635.898	-143.993	-4435.964	6618.573	-77.263	-4478.683	6593.055	3.248	-4542.249	6575.674	94.128	-4743.008	6666.133	125.965	-4840.512	6762.221
922	5.14525	-21.330	-4225.979	6549.896	14.558	-4302.271	6580.313	-43.597	-4323.077	6586.615	-102.620	-4311.985	6567.147	-162.220	-4309.089	6574.299	-196.548	-4369.439	6608.009	-152.077	-4429.402	6594.361	-84.581	-4471.419	6569.389	-2.777	-4533.197	6550.889	87.992	-4735.989	6634.138	118.544	-4836.407	6729.601
923	5.15084	-26.310	-4220.859	6523.529	12.850	-4297.104	6552.344	-43.276	-4320.146	6560.810	-102.432	-4309.614	6540.844	-162.383	-4305.220	6545.299	-202.513	-4361.543	6579.504	-160.183	-4422.801	6569.862	-91.956	-4464.208	6545.438	-8.885	-4524.224	6525.885	82.796	-4728.358	6603.842	111.402	-4832.555	6696.068
924	5.15642	-31.320	-4215.488	6496.927	10.984	-4291.543	6523.935	-42.869	-4317.063	6534.667	-102.249	-4307.263	6514.567	-162.380	-4301.426	6516.392	-208.105	-4353.633	6550.370	-168.438	-4416.212	6545.044	-99.478	-4457.152	6521.300	-15.288	-4515.302	6500.749	78.147	-4720.584	6573.514	104.594	-4828.419	6661.407
925	5.16201	-36.301	-4209.962	6470.052	9.036	-4286.161	6495.000	-42.326	-4313.760	6508.420	-101.951	-4304.929	6488.112	-162.158	-4297.853	6487.654	-213.127	-4342.958	6517.147	-176.769	-4409.570	6519.843	-107.122	-4450.173	6496.909	-21.841	-4506.471	6475.393	73.521	-4712.594	6542.453	98.105	-4824.379	6625.690
926	5.16760	-41.387	-4204.294	6442.964	6.892	-4280.586	6465.792	-41.685	-4310.215	6481.721	-101.615	-4302.575	6461.618	-161.799	-4294.372	6458.908	-217.628	-4334.993	6486.904	-185.117	-4402.781	6494.073	-114.938	-4443.401	6472.397	-28.677	-4497.667	6449.873	69.172	-4704.180	6511.226	91.935	-4820.367	6589.046
927	5.17318	-46.426	-4198.526	6415.479	4.548	-4274.896	6436.115	-40.913	-4306.302	6454.899	-101.239	-4300.091	6434.981	-161.322	-4290.872	6430.197	-221.345	-4327.283	6456.620	-193.478	-4395.757	6467.897	-122.934	-4436.681	6447.539	-35.556	-4489.022	6424.062	65.076	-4695.741	6479.553	86.400	-4815.761	6551.580
928	5.17877	-51.656	-4192.754	6387.706	1.955	-4269.031	6406.073	-39.995	-4302.202	6427.615	-100.768	-4297.460	6408.313	-160.632	-4287.603	6401.422	-224.603	-4319.503	6425.943	-201.784	-4388.536	6441.249	-131.116	-4430.110	6422.438	-42.727	-4480.441	6398.247	61.352	-4686.739	6447.707	81.603	-4810.880	6513.447
929	5.18436	-56.915	-4186.987	6359.888	-1.009	-4262.979	6375.630	-38.994	-4297.834	6400.119	-100.294	-4294.675	6381.526	-159.933	-4284.391	6372.766	-227.086	-4312.083	6396.531	-209.899	-4381.200	6413.924	-139.556	-4423.693	6396.977	-50.018	-4471.937	6372.122	57.889	-4677.574	6415.794	77.499	-4805.409	6474.284
930	5.18994	-62.226	-4181.292	6331.795	-4.692	-4258.959	6345.508	-37.933	-4293.087	6372.083	-99.682	-4291.783	6354.667	-159.119	-4281.199	6344.226	-228.935	-4304.652	6365.321	-217.874	-4373.470	6386.068	-148.135	-4417.557	6371.211	-57.530	-4463.662	6346.041	54.563	-4667.999	6383.252	74.188	-4798.879	6434.489
931	5.19553	-67.678	-4175.646	6303.401	-8.080	-4252.400	6314.633	-36.817	-4287.916	6343.722	-99.070	-4288.698	6327.654	-158.327	-4277.973	6315.484	-230.196	-4297.442	6333.850	-225.820	-4365.898	6359.912	-156.906	-4411.517	6345.119	-65.178	-4455.467	6319.924	51.486	-4658.090	6350.786	71.707	-4791.597	6394.394
932	5.20112	-73.287	-4170.192	6274.637	-11.526	-4245.714	6283.553	-35.746	-4282.634	6314.615	-98.354	-4285.430	6300.538	-157.465	-4274.808	6286.786	-231.057	-4290.616	6302.351	-233.322	-4357.777	6331.142	-165.907	-4405.688	6318.897	-73.052	-4447.434	6293.534	48.498	-4647.695	6318.003	70.134	-4783.321	6354.339
933	5.20670	-79.043	-4164.797	6245.857	-14.983	-4238.665	6252.453	-34.652	-4277.118	6285.056	-97.609	-4281.842	6273.203	-156.556	-4271.544	6258.147	-231.597	-4284.030	6270.555	-239.841	-4351.685	6302.861	-175.003	-4399.932	6292.262	-81.196	-4439.652	6267.028	45.708	-4637.192	6284.661	69.445	-4773.849	6313.839
934	5.21229	-84.966	-4159.594	6216.454	-18.645	-4231.479	6221.301	-33.655	-4271.333	6254.753	-96.769	-4278.060	6245.746	-155.628	-4268.180	6229.607	-231.833	-4277.832	6238.542	-246.584	-4343.261	6273.179	-184.177	-4394.189	6265.369	-89.524	-4432.158	6240.374	43.128	-4625.911	6251.349	69.803	-4763.874	6275.006
935	5.21788	-90.928	-4154.241	6186.878	-22.161	-4223.848	6189.609	-32.879	-4265.431	6224.063	-95.845	-4274.199	6217.732	-154.714	-4264.657	6200.982	-231.780	-4271.794	6206.594	-253.177	-4334.509	6242.447	-193.429	-4388.383	6238.318	-98.078	-4424.866	6213.550	40.622	-4614.347	6217.601	71.100	-4752.131	6235.058
936	5.22346	-97.039	-4149.105	6156.924	-26.238	-4216.741	6158.355	-32.107	-4259.295	6192.512	-94.782	-4270.081	6189.357	-153.794	-4261.118	6172.204	-231.535	-4266.044	6174.506	-259.283	-4325.679	6211.014	-202.738	-4382.425	6210.982	-106.862	-4417.857	6186.599	38.194	-4602.436	6183.582	73.385	-4739.674	6195.340
937	5.22905	-103.015	-4143.653	6126.891	-30.456	-4209.787	6126.775	-31.600	-4252.764	6160.653	-93.582	-4265.846	6160.610	-152.893	-4257.443	6143.551	-231.005	-4260.415	6142.390	-264.737	-4316.693	6179.137	-212.112	-4376.238	6183.240	-115.838	-4411.134	6159.307	35.925	-4590.218	6149.448	76.638	-4725.812	6155.929
938	5.23464	-109.010	-4138.312	6096.403	-34.928	-4202.479	6095.211	-31.287	-4245.962	6128.349	-92.300	-4261.522	6131.563	-151.959	-4253.675	6114.572	-230.425	-4254.931	6110.615	-269.719	-4307.706	6146.756	-221.500	-4369.817	6155.065	-125.040	-4404.744	6131.999	34.088	-4577.104	6115.848	80.706	-4710.907	6116.521
939	5.24022	-114.890	-4132.782	6065.731	-39.959	-4195.608	6062.867	-31.274	-4238.910	6095.457	-90.891	-4256.918	6101.954	-151.012	-4249.953	6085.587	-229.626	-4249.674	6078.894	-274.189	-4298.607	6114.099	-230.772	-4363.083	6126.332	-134.360	-4398.466	6104.401	32.096	-4563.522	6081.613	85.622	-4694.771	6077.425
940	5.24581	-120.800	-4127.210	6034.956	-45.004	-4188.650	6031.317	-31.535	-4231.628	6062.233	-89.511	-4252.172	6071.857	-150.090	-4246.238	6056.306	-228.706	-4244.563	6047.137	-277.541	-4288.361	6079.330	-239.961	-4355.927	6096.937	-143.283	-4392.195	6077.592	30.207	-4549.566	6047.436	90.984	-4677.110	6038.460
941	5.25140	-126.407	-4121.438	6003.906	-50.394	-4181.568	5999.878	-32.304	-4224.167	6028.545	-88.046	-4247.431	6041.737	-149.082	-4242.517	6026.990	-227.727	-4239.678	6015.512	-280.956	-4278.986	6045.941	-248.980	-4348.481	6067.095	-152.706	-4386.344	6049.834	28.366	-4534.884	6013.309	96.686	-4658.043	5999.684
942	5.25698	-131.956	-4115.499	5972.456	-55.914	-4174.670	5968.093	-33.122	-4216.071	5994.074	-86.571	-4242.376	6010.936	-148.140	-4238.751	5997.456	-226.673	-4234.928	5984.030	-284.022	-4269.333	6012.299	-257.793	-4340.531	6036.639	-162.327	-4380.850	6021.803	26.408	-4519.698	5979.336	102.728	-4637.640	5961.145
943	5.26257	-137.520	-4109.306	5940.899	-61.640	-4167.734	5936.329	-34.827	-4208.185	5959.240	-85.074	-4237.252	5979.792	-147.149	-4235.021	5967.717	-225.490	-4230.288	5952.477	-286.540	-4259.667	5978.682	-266.287	-4332.381	6005.705	-171.921	-4375.476	5993.492	24.108	-4504.053	5944.907	108.700	-4615.279	5923.511
944	5.26816	-142.911	-4103.097	5909.111	-67.555	-4160.847	5904.507	-37.356	-4200.336	5923.787	-83.600	-4231.990	5948.100	-146.161	-4231.151	5937.883	-224.451	-4225.732	5921.064	-288.440	-4250.947	5944.848	-274.536	-4323.858	5974.216	-181.644	-4370.161	5964.802	22.495	-4487.495	5914.355	114.383	-4590.972	5885.698
945	5.27374	-148.163	-4096.386	5876.828	-73.599	-4153.833	5872.466	-40.214	-4192.463	5888.278	-82.315	-4226.534	5916.012	-145.152	-4227.319	5907.733	-223.249	-4221.304	5889.457	-289.683	-4242.542	5910.826	-282.012	-4314.911	5943.775	-191.361	-4364.947	5935.903	19.158	-4470.617	5880.740	119.805	-4564.850	5848.886
946	5.27933	-152.845	-4089.514	5844.382	-79.729	-4147.081	5840.461	-43.431	-4184.494	5853.006	-80.897	-4221.021	5883.349	-144.055	-4223.447	5877.416	-222.116	-4216.984	5858.055	-290.551	-4234.390	5876.771	-289.924	-4306.333	5913.101	-201.202	-4359.738	5906.277	15.424	-4453.509	5847.448	124.277	-4536.572	5812.894
947	5.28492	-157.526	-4082.277	5811.828	-86.053	-4140.126	5808.454	-47.090	-4176.582	5817.807	-79.806	-4215.178	5850.030	-142.986	-4219.359	5846.685	-220.959	-4212.604	5826.583	-291.133	-4226.549	5842.490	-297.084	-4297.071	5880.454	-211.082	-4354.566	5876.648	10.978	-4436.004	5814.269	127.562	-4505.939	5773.700
948	5.29050	-161.628	-4074.959	5778.966	-92.345	-4133.245	5776.334	-51.146	-4168.662	5782.517	-78.771	-4209.232	5816.287	-141.765	-4215.230	5815.758	-219.870	-4208.303	5795.107	-291.337	-4219.024	5808.000	-303.941	-4288.002	5847.457	-220.864	-4349.186	5846.005	5.272	-4418.147	5781.069	128.650	-4473.253	5737.883
949	5.29609	-164.294	-4067.171	5746.796	-98.745	-4126.296	5743.921	-55.707	-4160.771	5747.106	-78.035	-4203.006	5781.885	-140.590	-4210.997	5784.530	-218.859	-4203.968	5763.445	-291.366	-4211.539	5773.623	-310.254	-4278.578	5813.745	-230.750	-4343.721	5815.254	-1.324	-4400.234	5747.891	127.421	-4438.634	5702.104
950	5.30168	-168.772	-4059.670	5712.730	-107.229	-4122.037	5716.660	-60.600	-4153.107	5711.650	-77.525	-4196.438	5747.219	-139.286	-4206.604	5752.720	-217.761	-4199.605	5731.841	-291.121	-4204.462	5739.186	-315.607	-4270.955	5780.292	-241.142	-4338.347	5782.751	-9.093	-4382.207	5715.094	123.027	-4402.921	5668.137
951	5.30726	-173.117	-4052.088	5678.365	-113.663	-4115.148	5684.194	-65.918	-4145.464	5676.002	-77.235	-4189.500	5711.996	-138.036	-4202.159	5720.749	-216.799	-4195.205	5700.187	-290.694	-4197.672	5704.786	-321.022	-4261.453	5745.716	-250.875	-4332.606	5750.825	-17.788	-4364.297	5682.626	115.851	-4366.625	5634.299
952	5.31285	-177.300	-4044.466	5643.529	-120.093	-4108.091	5651.383	-71.443	-4137.938	5640.310	-77.256	-4182.356	5676.289	-136.700	-4197.486	5688.133	-215.836	-4190.751	5668.466	-290.149	-4190.917	5670.436	-326.114	-4251.751	5710.697	-260.575	-4326.552	5718.378	-26.692	-4346.030	5652.477	104.510	-4330.066	5601.569
953	5.31844	-181.305	-4036.691	5608.487	-126.433	-4100.947	5618.658	-77.251	-4130.442	5604.605	-77.705	-4174.970	5640.107	-135.300	-4192.683	5655.100	-214.957	-4186.314	5636.738	-289.508	-4184.390	5636.193	-330.728	-4242.218	5675.445	-270.087	-4320.259	5685.242	-37.322	-4328.687	5621.741	89.897	-4294.132	5569.690
954	5.32402	-185.172	-4028.620	5573.081	-132.673	-4093.689	5585.520	-82.573	-4122.957	5571.165	-78.515	-4167.395	5603.509	-133.934	-4187.750	5621.639	-213.995	-4181.923	5604.872	-288.816	-4177.832	5602.032	-334.377	-4231.566	5638.201	-279.564	-4313.819	5651.872	-48.864	-4312.290	5587.388	72.635	-4259.673	5538.819
955	5.32961	-187.438	-4022.991	5540.440	-138.908	-4086.274	5552.331	-88.602	-4115.351	5535.435	-79.672	-4159.907	5566.398	-132.605	-4182.798	5587.626	-213.032	-4177.387	5572.771	-287.919	-4171.543	5567.821	-336.180	-4222.828	5602.636	-288.911	-4306.875	5617.771	-60.441	-4296.286	5557.170	51.668	-4228.018	5507.081
956	5.33520	-191.124	-4015.005	5504.542	-145.026	-4078.547	5518.990	-94.694	-4107.687	5499.635	-81.261	-4152.182	5529.078	-131.294	-4177.596	5553.047	-212.202	-4172.931	5540.537	-287.013	-4165.396	5533.622	-339.910	-4213.015	5566.260	-298.158	-4299.758	5583.327	-72.503	-4280.985	5527.283	29.062	-4198.120	5476.355
957	5.34078	-194.651	-4006.884	5468.256	-154.062	-4073.568	5491.649	-101.008	-4101.317	5466.077	-83.597	-4143.952	5491.526	-130.185	-4172.345	5517.968	-211.337	-4168.567	5507.942	-286.129	-4159.355	5499.303	-343.501	-4202.117	5529.537	-307.218	-4292.407	5548.458	-84.802	-4266.314	5497.681	4.517	-4171.104	5445.865
958	5.34637	-198.070	-3998.732	5431.532	-160.411	-4065.493	5458.368	-107.395	-4093.614	5430.271	-86.340	-4135.765	5453.612	-129.142	-4166.828	5482.032	-210.480	-4164.139	5474.855	-285.165	-4153.464	5465.372	-346.296	-4192.993	5492.670	-314.431	-4283.135	5515.512	-97.346	-4252.255	5468.384	-20.965	-4147.087	5415.989
959	5.35196	-201.169	-3990.513	5394.791	-167.789	-4060.329	5429.953	-113.923	-4085.865	5394.608	-89.473	-4128.690	5417.110	-128.268	-4161.110	5445.929	-209.638	-4159.765	5441.625	-284.215	-4147.674	5431.004	-348.728	-4183.912	5455.857	-322.964	-4275.100	5479.812	-110.031	-4238.933	5439.530	-46.611	-4125.030	5385.969
960	5.35754	-204.307	-3982.205	5357.664	-174.202	-4052.094	5396.087	-121.486	-4078.178	5357.401	-98.700	-4123.829	5384.750	-127.138	-4156.298	5411.438	-208.836	-4155.464	5407.738	-283.039	-4143.477	5399.011	-350.882	-4174.613	5418.867	-331.235	-4266.689	5444.021	-122.772	-4226.140	5410.795	NA	NA	NA
961	5.36313	-207.194	-3973.766	5320.200	-180.872	-4043.832	5362.300	-128.408	-4071.163	5326.303	-87.755	-4110.331	5349.917	-126.651	-4150.149	5374.534	-207.944	-4152.375	5375.848	-280.975	-4137.184	5365.728	-352.698	-4165.441	5381.525	-339.415	-4258.218	5407.581	-135.824	-4213.682	5381.998	NA	NA	NA
962	5.36872	-210.105	-3965.374	5282.641	-187.578	-4035.241	5328.213	-135.280	-4064.065	5296.009	-101.070	-4102.662	5303.290	-126.470	-4143.242	5337.404	-207.338	-4148.102	5341.235	-280.177	-4131.759	5330.888	-351.789	-4158.605	5347.291	-347.279	-4249.424	5370.824	-149.801	-4200.598	5353.816	NA	NA	NA
963	5.37430	-212.774	-3957.049	5244.729	-194.508	-4026.463	5293.784	-142.697	-4056.131	5261.214	-106.879	-4096.118	5266.494	-126.594	-4135.871	5299.790	-206.815	-4143.619	5306.206	-279.410	-4126.188	5295.768	-352.894	-4149.683	5310.053	-354.780	-4240.128	5333.822	-160.431	-4190.930	5328.200	NA	NA	NA
964	5.37989	-215.582	-3948.678	5206.754	-201.461	-4017.410	5258.978	-150.101	-4048.569	5226.168	-110.751	-4084.664	5224.487	-126.854	-4128.248	5262.108	-206.255	-4138.717	5270.932	-278.730	-4121.126	5260.402	-354.051	-4140.614	5272.311	-361.981	-4230.415	5296.727	-171.276	-4182.614	5297.919	NA	NA	NA
965	5.38547	-218.104	-3940.342	5168.617	-208.490	-4008.502	5224.130	-157.726	-4040.936	5191.219	-116.661	-4077.047	5188.685	-127.269	-4120.216	5223.583	-205.586	-4133.613	5235.393	-278.007	-4116.087	5224.629	-354.787	-4131.596	5235.045	-367.191	-4227.968	5265.251	-181.068	-4176.208	5267.494	NA	NA	NA
966	5.39106	-220.574	-3932.125	5130.425	-215.469	-3999.078	5188.911	-165.118	-4033.365	5156.442	-110.605	-4068.686	5163.708	-127.636	-4112.174	5185.328	-204.862	-4128.142	5199.450	-277.447	-4110.949	5188.502	-355.241	-4122.646	5197.174	-374.014	-4217.948	5227.633	-190.186	-4171.044	5237.577	NA	NA	NA
967	5.39665	-222.816	-3923.594	5092.127	-220.756	-3989.025	5151.033	-172.501	-4025.542	5121.180	-121.620	-4063.204	5120.449	-128.776	-4103.360	5146.622	-204.197	-4122.512	5163.323	-276.872	-4105.740	5152.302	-355.540	-4113.941	5159.121	-382.221	-4208.199	5192.756	-198.804	-4166.873	5208.456	NA	NA	NA
968	5.40223	-225.461	-3915.289	5053.455	-225.322	-3980.418	5115.854	-179.896	-4017.546	5085.838	-132.513	-4053.070	5079.801	-133.455	-4102.305	5120.309	-203.381	-4116.680	5126.850	-276.226	-4100.607	5115.709	-355.631	-4105.367	5120.832	-394.370	-4201.414	5153.735	-207.305	-4164.072	5179.585	NA	NA	NA
969	5.40782	-227.665	-3906.859	5014.907	-230.991	-3970.146	5080.276	-187.010	-4009.333	5050.565	-139.068	-4043.830	5040.989	-135.889	-4098.140	5078.315	-201.056	-4110.486	5091.227	-275.805	-4095.430	5078.913	-355.800	-4096.874	5081.847	-400.807	-4190.113	5115.499	-215.723	-4162.536	5151.088	NA	NA	NA
970	5.41341	-230.218	-3898.475	4976.298	-232.726	-3956.918	5045.755	-184.987	-3998.203	5022.014	-145.550	-4034.890	5002.508	-124.986	-4082.369	5042.199	-200.216	-4104.670	5054.213	-275.163	-4090.064	5042.260	-355.659	-4088.631	5042.867	-406.649	-4178.345	5077.357	-224.277	-4162.314	5122.852	NA	NA	NA
971	5.41899	-232.659	-3890.318	4937.191	-239.566	-3947.007	5008.608	-191.717	-3989.532	4986.158	-152.732	-4025.961	4964.271	-138.240	-4079.722	4997.177	-199.459	-4098.052	5016.711	-274.689	-4084.813	5005.434	-355.203	-4080.424	5003.364	-412.184	-4166.256	5039.321	-233.432	-4162.890	5094.627	NA	NA	NA
972	5.42458	-234.992	-3881.934	4897.926	-246.368	-3937.631	4970.822	-198.134	-3980.823	4950.325	-152.923	-4014.827	4930.478	-140.215	-4069.714	4956.166	-198.729	-4091.354	4978.784	-274.263	-4079.284	4968.509	-354.896	-4072.751	4963.306	-417.078	-4154.051	5000.397	-243.693	-4164.217	5066.678	NA	NA	NA
973	5.43017	-237.178	-3873.431	4859.001	-258.460	-3930.873	4928.602	-204.772	-3971.578	4913.976	-159.889	-4005.500	4892.006	-143.154	-4059.897	4914.848	-197.807	-4085.133	4940.067	-273.771	-4073.678	4931.185	-354.229	-4065.096	4923.579	-421.336	-4141.619	4962.507	-254.735	-4166.423	5038.561	NA	NA	NA
974	5.43575	-239.466	-3865.085	4819.708	-265.665	-3921.330	4889.234	-211.259	-3962.354	4877.618	-166.662	-3996.338	4853.678	-134.654	-4042.976	4879.379	-196.741	-4078.396	4900.860	-273.341	-4068.141	4893.534	-353.439	-4057.876	4883.807	-425.238	-4129.009	4924.085	-266.403	-4169.487	5010.223	NA	NA	NA
975	5.44134	-243.948	-3857.726	4780.345	-272.891	-3912.128	4849.361	-217.680	-3952.908	4841.054	-173.561	-3986.949	4814.899	-138.680	-4032.618	4837.514	-196.537	-4072.604	4861.085	-272.689	-4062.434	4855.744	-352.635	-4050.457	4844.217	-411.730	-4108.699	4897.264	-279.109	-4173.267	4981.719	NA	NA	NA
976	5.44693	-243.479	-3848.108	4740.092	-280.140	-3902.460	4808.772	-224.277	-3943.436	4804.130	-180.399	-3977.295	4776.533	-142.811	-4022.031	4795.957	-195.437	-4065.439	4820.866	-272.075	-4056.783	4817.401	-351.687	-4043.564	4804.824	-413.731	-4100.776	4860.226	-293.217	-4177.223	4952.263	NA	NA	NA
977	5.45251	-245.514	-3839.691	4699.993	-286.601	-3893.435	4767.918	-230.925	-3934.084	4766.972	-187.222	-3967.724	4738.083	-147.092	-4011.058	4754.191	-194.510	-4058.175	4780.262	-271.194	-4051.281	4778.968	-350.741	-4036.951	4765.774	-414.036	-4086.539	4823.274	-308.600	-4180.912	4921.907	NA	NA	NA
978	5.45810	-249.364	-3832.016	4660.076	-293.459	-3883.609	4726.750	-237.552	-3924.694	4729.827	-194.193	-3957.881	4699.408	-150.096	-3998.412	4713.664	-193.650	-4050.693	4738.894	-270.351	-4045.772	4740.129	-349.933	-4030.463	4726.635	-425.843	-4074.894	4766.476	-326.223	-4184.313	4890.310	NA	NA	NA
979	5.46369	-250.750	-3824.004	4619.459	-299.551	-3874.779	4684.810	-263.380	-3923.361	4683.858	-200.649	-3948.158	4660.964	-155.444	-3988.004	4671.200	-192.712	-4043.101	4696.845	-269.346	-4040.361	4700.989	-348.791	-4024.293	4687.970	-435.006	-4065.086	4717.256	NA	NA	NA	NA	NA	NA
980	5.46927	-250.387	-3813.578	4578.172	-305.546	-3864.559	4642.903	-270.676	-3913.868	4645.549	-207.418	-3938.384	4622.033	-161.117	-3976.947	4628.920	-191.958	-4034.812	4654.379	-268.369	-4035.395	4661.897	-348.014	-4018.526	4649.303	-437.253	-4054.225	4676.907	NA	NA	NA	NA	NA	NA
981	5.47486	-253.571	-3806.347	4537.738	-311.412	-3855.424	4600.542	-277.702	-3904.177	4607.113	-214.046	-3928.423	4583.329	-167.115	-3965.946	4586.369	-191.454	-4026.594	4611.440	-267.127	-4030.290	4622.524	-346.993	-4012.914	4610.790	-439.060	-4043.361	4636.485	NA	NA	NA	NA	NA	NA
982	5.48045	-255.315	-3796.948	4496.681	-316.660	-3846.080	4557.628	-284.513	-3894.253	4568.303	-220.934	-3918.201	4544.058	-173.084	-3955.156	4544.246	-191.280	-4017.941	4568.146	-265.986	-4025.262	4582.789	-346.193	-4007.715	4572.092	-440.516	-4032.799	4596.262	NA	NA	NA	NA	NA	NA
983	5.48603	-256.624	-3786.547	4455.744	-322.288	-3837.481	4514.064	-291.541	-3884.365	4529.274	-227.407	-3908.189	4505.076	-179.260	-3944.210	4501.957	-191.657	-4009.233	4524.340	-264.827	-4020.288	4542.661	-345.231	-4002.182	4533.508	-441.586	-4022.276	4556.246	NA	NA	NA	NA	NA	NA
984	5.49162	-258.096	-3776.074	4414.558	-326.878	-3827.946	4470.847	-299.266	-3874.575	4489.250	-232.461	-3898.985	4469.447	-185.713	-3933.424	4459.905	-192.227	-4000.130	4480.722	-263.518	-4015.211	4502.303	-344.425	-3997.065	4494.794	-442.217	-4011.915	4516.414	NA	NA	NA	NA	NA	NA
985	5.49721	-259.816	-3765.426	4373.123	-331.608	-3821.093	4428.975	-290.441	-3857.299	4453.963	-239.485	-3888.974	4429.792	-192.125	-3922.773	4418.368	-196.931	-3995.241	4443.637	-262.472	-4010.021	4461.286	-343.481	-3991.857	4456.003	-442.576	-4002.053	4476.672	NA	NA	NA	NA	NA	NA
986	5.50279	-261.612	-3755.146	4331.275	-327.692	-3806.042	4390.604	-298.126	-3846.921	4413.359	-246.630	-3879.108	4390.454	-198.907	-3912.349	4376.527	-201.773	-3990.102	4406.358	-261.305	-4004.417	4419.644	-342.629	-3986.599	4417.098	-442.602	-3992.457	4436.922	NA	NA	NA	NA	NA	NA
987	5.50838	-263.265	-3743.806	4289.760	-330.634	-3795.785	4347.075	-305.825	-3836.714	4371.967	-253.587	-3869.432	4351.138	-205.868	-3901.932	4334.831	-202.760	-3980.247	4362.161	-260.059	-3998.742	4377.634	-341.532	-3981.157	4378.052	-442.360	-3983.277	4397.747	NA	NA	NA	NA	NA	NA
988	5.51397	-265.064	-3732.530	4248.126	-333.178	-3785.516	4303.280	-315.080	-3826.901	4328.456	-261.288	-3859.954	4311.093	-213.072	-3891.691	4293.416	-204.539	-3969.866	4318.022	-259.291	-3992.567	4335.111	-340.696	-3976.039	4338.620	-441.776	-3974.607	4358.431	-535.582	-4134.354	4500.333	NA	NA	NA
989	5.51955	-266.867	-3721.085	4206.243	-335.343	-3775.029	4259.607	-322.868	-3816.263	4285.705	-268.087	-3850.720	4271.827	-220.295	-3881.890	4251.996	-206.305	-3959.362	4273.753	-258.511	-3986.205	4292.163	-339.729	-3970.645	4298.916	-440.990	-3966.435	4319.267	-558.166	-4121.992	4451.999	NA	NA	NA
990	5.52514	-268.736	-3709.571	4164.334	-336.953	-3763.959	4215.669	-330.608	-3805.597	4242.306	-275.600	-3841.694	4232.081	-227.719	-3872.283	4210.444	-208.525	-3948.660	4229.657	-257.474	-3979.471	4248.962	-338.890	-3965.485	4258.645	-439.953	-3958.614	4280.682	-579.576	-4106.756	4402.623	NA	NA	NA
991	5.53073	-271.094	-3698.806	4121.700	-339.350	-3754.638	4171.140	-340.389	-3795.904	4198.513	-283.503	-3832.235	4191.476	-235.204	-3862.567	4169.299	-210.762	-3937.542	4185.535	-257.079	-3972.590	4205.352	-338.225	-3960.406	4217.959	-438.993	-3950.869	4242.191	-599.783	-4089.755	4352.073	NA	NA	NA
992	5.53631	-273.438	-3686.870	4079.351	-340.499	-3742.501	4107.828	-344.640	-3783.655	4155.157	-290.890	-3822.912	4151.162	-242.593	-3853.122	4128.205	-213.608	-3926.294	4141.600	-256.849	-3965.133	4161.582	-337.740	-3955.535	4177.141	-437.829	-3943.671	4204.362	-617.635	-4070.665	4300.273	NA	NA	NA
993	5.54190	-275.780	-3674.660	4037.087	-341.628	-3732.257	4063.288	-351.329	-3772.766	4110.566	-300.206	-3812.471	4106.604	-249.991	-3843.191	4087.218	-219.957	-3914.502	4093.742	-256.852	-3957.715	4117.759	-337.263	-3950.718	4135.732	-436.513	-3936.772	4166.376	-633.205	-4049.771	4248.278	NA	NA	NA
994	5.54749	-278.133	-3663.074	3994.709	-342.481	-3721.936	4019.279	-357.935	-3761.533	4065.878	-305.964	-3803.482	4069.517	-257.403	-3833.557	4046.267	-219.111	-3899.851	4052.034	-257.269	-3950.266	4073.386	-337.047	-3946.151	4094.173	-435.354	-3930.318	4128.347	-646.141	-4027.520	4195.461	NA	NA	NA
995	5.55307	-280.566	-3652.085	3951.102	-343.413	-3711.515	3975.400	-367.210	-3752.315	4019.453	-314.906	-3792.415	4024.810	-264.720	-3823.560	4005.711	-229.489	-3893.642	4005.660	-258.216	-3942.457	4029.002	-337.002	-3941.255	4052.570	-434.204	-3924.371	4089.614	-656.468	-4004.987	4143.281	NA	NA	NA
996	5.55866	-282.847	-3640.696	3907.777	-343.906	-3701.188	3930.911	-373.967	-3744.041	3971.946	-322.555	-3782.201	3982.835	-271.906	-3813.397	3964.952	-234.652	-3883.052	3961.823	-259.229	-3934.602	3984.188	-336.755	-3936.378	4011.381	-433.326	-3918.747	4050.310	-664.460	-3981.393	4091.277	NA	NA	NA
997	5.56425	-285.427	-3629.353	3864.621	-344.388	-3690.759	3886.610	-378.152	-3729.515	3928.274	-329.994	-3771.463	3941.224	-279.052	-3803.446	3924.236	-236.245	-3869.214	3919.579	-260.808	-3926.452	3939.858	-336.819	-3931.747	3969.501	-432.807	-3913.370	4010.330	-669.724	-3957.993	4039.728	NA	NA	NA
998	5.56983	-287.913	-3618.168	3821.111	-344.126	-3680.609	3840.042	-382.749	-3717.779	3882.424	-337.452	-3760.351	3899.060	-286.425	-3793.287	3883.349	-242.011	-3858.452	3876.074	-262.615	-3918.089	3895.145	-333.376	-3925.397	3944.688	-432.357	-3908.216	3969.294	-673.329	-3934.729	3988.371	NA	NA	NA
999	5.57542	-290.311	-3607.154	3777.287	-344.515	-3669.992	3796.352	-386.746	-3705.563	3836.696	-344.462	-3749.166	3857.375	-293.857	-3783.293	3842.609	-248.087	-3847.870	3832.444	-264.469	-3909.443	3850.890	-333.254	-3921.313	3902.637	-432.189	-3903.124	3927.552	NA	NA	NA	NA	NA	NA
1000	5.58101	-292.624	-3596.324	3733.190	-344.743	-3659.490	3752.547	-390.617	-3693.650	3790.014	-351.626	-3737.412	3814.537	-301.558	-3773.107	3801.414	-252.383	-3833.829	3793.074	-266.484	-3900.153	3807.005	-333.035	-3916.898	3861.024	-432.262	-3898.293	3885.035	NA	NA	NA	NA	NA	NA
1001	5.58659	-294.858	-3585.692	3688.860	-344.943	-3649.268	3708.627	-393.755	-3681.265	3743.636	-358.815	-3725.492	3771.487	-309.340	-3763.036	3759.872	-259.191	-3822.947	3750.079	-268.516	-3890.729	3763.213	-336.750	-3913.739	3800.917	-432.607	-3893.507	3841.813	NA	NA	NA	NA	NA	NA
1002	5.59218	-297.016	-3575.271	3644.338	-345.145	-3638.905	3664.673	-386.105	-3665.734	3708.448	-368.503	-3714.553	3725.268	-317.391	-3752.984	3717.617	-265.897	-3811.777	3707.288	-270.851	-3880.983	3719.530	-336.426	-3908.927	3758.204	-432.820	-3888.258	3798.596	NA	NA	NA	NA	NA	NA
1003	5.59777	-299.105	-3565.075	3599.664	-345.335	-3628.780	3620.942	-389.004	-3653.805	3662.241	-375.618	-3702.847	3680.996	-325.235	-3742.418	3675.993	-272.828	-3800.703	3664.909	-271.969	-3870.921	3686.959	-336.401	-3903.773	3714.896	-433.313	-3883.443	3754.188	NA	NA	NA	NA	NA	NA
1004	5.60335	-301.128	-3555.116	3554.880	-345.454	-3618.604	3577.225	-391.136	-3642.273	3616.328	-383.423	-3691.217	3635.422	-333.404	-3732.129	3633.339	-280.279	-3789.914	3621.878	-273.189	-3860.322	3654.716	-336.291	-3898.158	3671.529	-434.048	-3878.602	3709.547	NA	NA	NA	NA	NA	NA
1005	5.60894	-303.091	-3545.408	3510.024	-345.559	-3608.154	3533.825	-393.075	-3630.410	3570.237	-390.431	-3679.040	3589.751	-341.334	-3721.573	3590.802	-287.883	-3778.984	3578.901	-275.833	-3848.966	3612.018	-336.432	-3891.755	3627.921	-436.622	-3872.133	3666.494	NA	NA	NA	NA	NA	NA
1006	5.61453	-304.997	-3535.964	3465.138	-345.633	-3598.325	3489.809	-395.114	-3619.011	3523.497	-397.490	-3667.061	3543.687	-349.694	-3711.193	3547.043	-295.574	-3768.005	3536.096	-289.052	-3840.586	3557.637	-337.314	-3884.573	3583.389	-437.638	-3867.929	3620.598	NA	NA	NA	NA	NA	NA
1007	5.62011	-306.851	-3526.798	3420.263	-345.987	-3588.066	3446.459	-396.240	-3606.860	3477.512	-404.273	-3655.500	3496.912	-357.411	-3701.061	3503.505	-303.002	-3757.035	3493.256	-281.191	-3824.970	3526.446	-338.213	-3876.518	3538.635	-438.599	-3862.585	3575.193	NA	NA	NA	NA	NA	NA
1008	5.62570	-308.659	-3517.922	3375.438	-346.130	-3578.680	3402.914	-396.280	-3597.440	3415.085	-410.885	-3643.914	3449.417	-365.320	-3689.685	3459.766	-310.069	-3745.704	3450.313	-296.502	-3817.855	3470.787	-339.316	-3868.679	3493.408	-439.469	-3857.365	3529.820	NA	NA	NA	NA	NA	NA
1009	5.63128	-310.424	-3509.351	3330.704	-346.526	-3569.143	3358.795	-402.377	-3586.824	3358.741	-417.179	-3631.910	3402.440	-373.107	-3678.674	3415.029	-317.595	-3734.164	3406.998	-288.670	-3801.435	3439.622	-340.974	-3860.123	3448.283	-441.197	-3852.492	3483.395	NA	NA	NA	NA	NA	NA
1010	5.63687	-312.091	-3500.917	3286.080	-346.752	-3560.241	3315.018	-403.330	-3576.529	3311.519	-423.391	-3620.377	3354.247	-380.464	-3667.764	3370.698	-324.776	-3722.486	3364.146	-292.353	-3788.476	3396.521	-342.614	-3851.055	3402.592	-441.183	-3849.634	3434.119	NA	NA	NA	NA	NA	NA
1011	5.64246	-313.602	-3492.573	3241.063	-346.831	-3550.517	3269.754	-404.013	-3566.574	3264.522	-431.822	-3610.589	3304.923	-387.930	-3655.868	3326.058	-331.960	-3710.919	3320.849	-303.485	-3778.456	3341.229	-344.162	-3841.699	3356.306	-442.466	-3843.583	3387.788	NA	NA	NA	NA	NA	NA
1012	5.64804	-315.084	-3484.407	3195.928	-347.480	-3542.039	3225.584	-404.865	-3556.747	3217.525	-435.183	-3601.176	3239.157	-394.922	-3644.411	3281.463	-339.640	-3699.027	3276.756	-308.379	-3766.100	3296.890	-346.326	-3832.063	3309.865	-443.912	-3837.512	3341.016	NA	NA	NA	NA	NA	NA
1013	5.65363	-316.664	-3476.508	3150.948	-347.679	-3533.194	3181.619	-405.329	-3547.285	3170.481	-439.628	-3588.721	3190.287	-405.400	-3633.027	3231.938	-346.963	-3687.169	3233.695	-313.703	-3753.564	3252.003	-348.189	-3821.893	3263.549	-445.478	-3831.024	3293.712	NA	NA	NA	NA	NA	NA
1014	5.65922	NA	NA	NA	-347.460	-3524.129	3136.628	-405.518	-3537.769	3123.161	-443.759	-3576.405	3141.409	-413.576	-3620.885	3185.357	-354.203	-3675.836	3189.425	-318.802	-3740.874	3207.067	-350.017	-3811.552	3217.214	-446.722	-3823.976	3246.562	NA	NA	NA	NA	NA	NA
1015	5.66480	NA	NA	NA	-348.059	-3515.296	3092.668	-405.561	-3528.835	3076.114	-447.337	-3563.385	3092.273	-420.898	-3609.267	3139.299	-362.052	-3664.130	3144.522	-323.742	-3728.602	3162.019	-352.114	-3800.720	3170.495	-448.277	-3816.893	3198.932	NA	NA	NA	NA	NA	NA
1016	5.67039	NA	NA	NA	-348.132	-3506.318	3048.523	-405.403	-3519.768	3029.326	-449.936	-3550.555	3044.005	-428.646	-3596.946	3092.434	-369.582	-3652.393	3099.121	-329.669	-3715.848	3116.315	-353.505	-3789.620	3120.606	-449.738	-3809.255	3150.767	NA	NA	NA	NA	NA	NA
1017	5.67598	NA	NA	NA	-347.217	-3497.148	3002.850	-405.102	-3510.631	2982.469	-451.748	-3537.897	2996.329	-434.959	-3585.954	3034.816	-377.000	-3642.410	3043.790	-335.160	-3703.024	3070.734	-355.711	-3778.211	3073.798	-450.995	-3801.614	3103.128	NA	NA	NA	NA	NA	NA
1018	5.68156	NA	NA	NA	-346.605	-3488.899	2958.789	-403.661	-3501.509	2934.238	-452.965	-3525.388	2948.969	-442.742	-3572.920	2997.429	-385.488	-3629.272	3007.124	-341.061	-3690.058	3024.888	-358.105	-3766.649	3026.942	-452.219	-3793.833	3054.442	NA	NA	NA	NA	NA	NA
1019	5.68715	NA	NA	NA	-345.688	-3479.189	2913.616	-403.105	-3492.759	2888.429	-453.780	-3513.010	2901.649	-448.865	-3561.906	2939.070	-392.877	-3619.449	2951.562	-347.111	-3676.972	2978.461	-360.011	-3754.632	2980.207	-453.226	-3785.057	3006.871	NA	NA	NA	NA	NA	NA
1020	5.69274	NA	NA	NA	-344.540	-3469.375	2868.736	-402.468	-3483.645	2842.127	-454.385	-3500.742	2854.091	-457.498	-3548.823	2899.093	-400.758	-3607.628	2904.660	-353.350	-3663.941	2931.490	-362.710	-3742.493	2933.027	-454.388	-3776.908	2958.594	NA	NA	NA	NA	NA	NA
1021	5.69832	NA	NA	NA	-343.389	-3461.174	2823.439	-402.209	-3473.130	2798.076	-454.971	-3488.564	2806.021	-463.064	-3535.790	2851.153	-408.665	-3596.379	2857.271	-359.990	-3651.495	2884.084	-366.304	-3731.654	2882.583	-454.832	-3768.090	2910.397	NA	NA	NA	NA	NA	NA
1022	5.70391	NA	NA	NA	-344.604	-3449.578	2780.946	-400.870	-3461.621	2751.204	-455.732	-3476.456	2757.162	-469.935	-3528.447	2783.740	-416.624	-3584.786	2809.435	-366.592	-3638.335	2836.385	-368.776	-3718.836	2834.827	-455.867	-3759.610	2861.753	NA	NA	NA	NA	NA	NA
1023	5.70950	NA	NA	NA	-340.913	-3444.470	2733.089	-400.282	-3452.394	2705.220	-456.166	-3464.627	2708.057	-475.156	-3515.015	2733.848	-424.265	-3572.887	2761.657	-373.383	-3625.443	2788.241	-371.683	-3705.736	2786.724	-456.139	-3750.219	2813.382	NA	NA	NA	NA	NA	NA
1024	5.71508	NA	NA	NA	-339.028	-3435.170	2686.268	-399.888	-3442.850	2658.841	-456.575	-3452.538	2659.498	-480.015	-3501.883	2683.450	-433.358	-3562.767	2711.049	-380.000	-3612.919	2739.116	-374.863	-3693.836	2738.586	-456.801	-3741.395	2764.885	NA	NA	NA	NA	NA	NA
1025	5.72067	NA	NA	NA	-337.511	-3426.124	2639.216	-399.452	-3432.375	2613.251	-456.198	-3440.862	2611.543	-481.974	-3488.673	2630.005	-440.420	-3550.045	2663.741	-386.196	-3601.169	2679.813	-377.642	-3680.512	2690.359	-456.876	-3732.350	2716.249	NA	NA	NA	NA	NA	NA
1026	5.72626	NA	NA	NA	-336.012	-3416.835	2591.818	-398.393	-3422.053	2568.226	-455.758	-3428.642	2562.783	-488.827	-3472.946	2583.781	-448.525	-3538.573	2613.774	-393.333	-3588.524	2630.763	-381.041	-3667.219	2640.820	-456.131	-3723.018	2664.436	NA	NA	NA	NA	NA	NA
1027	5.73184	NA	NA	NA	-334.320	-3407.204	2543.859	-397.546	-3412.515	2521.713	-454.917	-3417.011	2514.454	-490.158	-3459.329	2530.526	-455.818	-3525.950	2564.983	-400.489	-3576.204	2580.761	-384.277	-3653.257	2591.727	-455.835	-3714.296	2615.889	NA	NA	NA	NA	NA	NA
1028	5.73743	NA	NA	NA	-332.754	-3397.523	2495.363	-396.284	-3402.915	2474.960	-453.497	-3406.482	2464.354	-493.589	-3444.289	2480.842	-462.057	-3511.617	2516.686	-403.951	-3561.122	2537.069	-389.011	-3640.063	2543.845	-455.233	-3704.219	2567.623	NA	NA	NA	NA	NA	NA
1029	5.74302	NA	NA	NA	-331.153	-3386.958	2446.951	-395.584	-3392.394	2429.364	-453.916	-3392.566	2419.503	-495.403	-3429.593	2429.835	-470.002	-3498.124	2467.651	-416.940	-3553.618	2478.327	-392.985	-3626.288	2494.083	-454.381	-3693.923	2518.981	NA	NA	NA	NA	NA	NA
1030	5.74860	NA	NA	NA	-329.634	-3376.311	2398.174	-394.198	-3381.591	2383.322	-450.586	-3381.649	2365.901	-497.058	-3414.792	2379.340	-476.789	-3486.302	2416.962	-424.804	-3541.066	2427.863	-396.495	-3611.917	2442.497	-453.417	-3684.228	2470.170	NA	NA	NA	NA	NA	NA
1031	5.75419	NA	NA	NA	-327.680	-3364.578	2349.189	-392.287	-3371.879	2335.017	-449.010	-3370.584	2316.939	-498.009	-3400.411	2328.693	-485.278	-3469.719	2380.088	-430.845	-3525.083	2379.562	-402.106	-3600.576	2399.048	-452.150	-3673.666	2421.887	NA	NA	NA	NA	NA	NA
1032	5.75978	NA	NA	NA	-326.023	-3353.169	2299.755	-390.653	-3361.457	2288.206	-447.478	-3359.114	2268.748	-498.262	-3385.264	2277.724	-490.562	-3458.190	2317.826	-439.051	-3513.006	2329.055	-406.824	-3586.168	2348.101	-450.650	-3662.726	2372.392	NA	NA	NA	NA	NA	NA
1033	5.76536	NA	NA	NA	-324.643	-3340.649	2250.393	-389.446	-3349.775	2242.063	-445.795	-3347.317	2221.056	-498.685	-3370.861	2226.805	-497.798	-3443.090	2280.137	-447.602	-3500.296	2277.964	-414.206	-3572.200	2290.852	-448.966	-3651.869	2323.324	NA	NA	NA	NA	NA	NA
1034	5.77095	NA	NA	NA	-323.261	-3328.008	2200.912	-387.439	-3338.878	2194.065	-444.072	-3336.386	2172.307	-498.451	-3356.469	2175.579	-504.162	-3428.314	2230.023	-456.002	-3487.568	2227.302	-418.567	-3558.046	2240.270	-447.321	-3640.663	2273.508	NA	NA	NA	NA	NA	NA
1035	5.77654	NA	NA	NA	-322.222	-3314.779	2150.752	-386.919	-3327.148	2148.121	-442.551	-3325.082	2124.286	-498.119	-3344.423	2129.213	-510.172	-3414.654	2177.899	-464.291	-3475.728	2176.287	-423.441	-3546.029	2192.906	-445.852	-3629.180	2223.686	NA	NA	NA	NA	NA	NA
1036	5.78212	NA	NA	NA	-321.324	-3301.584	2100.930	-384.301	-3316.151	2099.209	-440.465	-3313.374	2075.284	-497.490	-3330.827	2078.464	-515.646	-3401.222	2112.289	-473.137	-3463.413	2124.292	-429.890	-3532.088	2141.323	-444.559	-3616.811	2174.389	NA	NA	NA	NA	NA	NA
1037	5.78771	NA	NA	NA	-321.298	-3287.257	2051.444	-382.988	-3303.414	2051.976	-438.602	-3302.384	2026.808	-496.484	-3317.694	2027.751	-522.495	-3390.534	2045.715	-484.048	-3453.770	2071.611	-436.271	-3515.640	2089.927	-443.230	-3604.552	2123.642	NA	NA	NA	NA	NA	NA
1038	5.79330	NA	NA	NA	-321.380	-3272.444	2001.758	-381.243	-3291.222	2004.373	-436.760	-3291.277	1978.420	-495.262	-3304.606	1977.303	-528.142	-3372.413	1996.575	-489.978	-3437.485	2023.684	-444.251	-3504.825	2038.708	-442.274	-3591.461	2073.560	NA	NA	NA	NA	NA	NA
1039	5.79888	NA	NA	NA	-322.152	-3258.631	1952.179	-379.184	-3279.056	1956.217	-434.627	-3280.238	1929.430	-493.827	-3291.457	1926.634	-531.976	-3357.624	1944.223	-498.408	-3424.531	1972.462	-450.709	-3489.463	1987.924	-443.402	-3578.727	2023.972	NA	NA	NA	NA	NA	NA
1040	5.80447	NA	NA	NA	-323.501	-3245.426	1902.581	-377.689	-3265.952	1908.494	-432.917	-3268.894	1880.764	-492.613	-3279.107	1876.564	-535.344	-3342.017	1893.175	-506.573	-3411.673	1921.356	-458.321	-3475.933	1937.227	-445.687	-3566.771	1976.083	NA	NA	NA	NA	NA	NA
1041	5.81006	NA	NA	NA	-325.316	-3232.438	1852.840	-375.529	-3252.972	1859.984	-430.933	-3258.157	1831.320	-490.845	-3267.133	1826.187	-537.502	-3326.856	1839.670	-516.903	-3402.057	1867.709	NA	NA	NA	-447.555	-3553.522	1925.378	NA	NA	NA	NA	NA	NA
1042	5.81564	NA	NA	NA	-327.485	-3219.278	1802.833	-373.399	-3240.427	1810.702	-429.417	-3246.621	1782.808	-489.164	-3255.324	1775.842	-539.584	-3312.896	1787.560	-522.295	-3384.881	1819.831	NA	NA	NA	-447.436	-3536.910	1867.341	NA	NA	NA	NA	NA	NA
1043	5.82123	NA	NA	NA	-329.898	-3205.554	1752.433	-372.437	-3226.175	1762.987	-428.248	-3234.476	1734.951	-487.441	-3244.212	1725.260	-541.187	-3298.140	1734.387	-532.211	-3375.249	1765.552	NA	NA	NA	-449.329	-3521.971	1816.071	NA	NA	NA	NA	NA	NA
1044	5.82682	NA	NA	NA	-332.441	-3190.876	1701.516	-369.752	-3213.601	1712.222	-427.304	-3221.912	1687.475	-485.575	-3232.892	1675.523	-542.134	-3284.372	1682.717	-538.667	-3362.112	1713.546	NA	NA	NA	-450.819	-3509.016	1763.323	NA	NA	NA	NA	NA	NA
1045	5.83240	NA	NA	NA	-335.005	-3174.853	1649.958	-368.521	-3199.233	1663.867	-426.464	-3209.121	1640.104	-483.823	-3222.306	1625.153	-543.074	-3270.419	1630.841	-545.658	-3350.312	1661.181	NA	NA	NA	-453.960	-3495.291	1711.793	NA	NA	NA	NA	NA	NA
1046	5.83799	NA	NA	NA	-339.198	-3159.176	1598.763	-360.807	-3189.756	1605.245	-425.608	-3196.292	1592.563	-481.929	-3211.621	1575.025	-543.654	-3256.324	1578.141	-548.636	-3331.000	1609.830	NA	NA	NA	-456.807	-3480.674	1659.871	NA	NA	NA	NA	NA	NA
1047	5.84358	NA	NA	NA	NA	NA	NA	-358.419	-3174.935	1553.811	-424.614	-3183.615	1544.576	-480.017	-3200.839	1525.578	-543.832	-3243.427	1527.142	-554.542	-3319.393	1548.650	NA	NA	NA	-460.308	-3466.414	1607.908	NA	NA	NA	NA	NA	NA
1048	5.84916	NA	NA	NA	NA	NA	NA	-357.102	-3160.276	1502.842	-423.361	-3171.283	1495.869	-478.573	-3190.529	1475.415	-543.619	-3229.956	1475.600	-559.546	-3305.378	1497.948	NA	NA	NA	NA	NA	NA	NA	NA	NA	NA	NA	NA
1049	5.85475	NA	NA	NA	NA	NA	NA	-359.850	-3156.269	1457.186	-422.587	-3159.200	1447.162	-478.089	-3183.238	1428.817	-543.320	-3216.952	1423.989	-564.521	-3290.780	1447.248	NA	NA	NA	NA	NA	NA	NA	NA	NA	NA	NA	NA
1050	5.86034	NA	NA	NA	NA	NA	NA	-355.094	-3129.881	1399.483	-419.369	-3149.958	1395.278	-476.950	-3172.768	1379.854	-542.818	-3204.627	1372.699	-569.448	-3275.848	1397.292	NA	NA	NA	NA	NA	NA	NA	NA	NA	NA	NA	NA
1051	5.86592	NA	NA	NA	NA	NA	NA	-355.114	-3114.750	1347.571	-419.816	-3134.614	1348.504	-475.500	-3161.315	1329.968	-542.814	-3192.333	1322.882	-571.651	-3261.876	1343.719	NA	NA	NA	NA	NA	NA	NA	NA	NA	NA	NA	NA
1052	5.87151	NA	NA	NA	NA	NA	NA	-354.492	-3098.717	1294.090	-417.487	-3122.057	1297.712	-474.229	-3149.940	1280.703	-541.950	-3178.688	1271.618	-576.931	-3245.918	1295.726	NA	NA	NA	NA	NA	NA	NA	NA	NA	NA	NA	NA
1053	5.87709	NA	NA	NA	NA	NA	NA	-354.829	-3082.316	1241.196	-417.556	-3108.191	1249.771	-472.844	-3138.571	1231.480	-544.648	-3178.403	1228.224	-574.751	-3234.380	1237.742	NA	NA	NA	NA	NA	NA	NA	NA	NA	NA	NA	NA
1054	5.88268	NA	NA	NA	NA	NA	NA	-355.452	-3065.980	1187.620	-414.377	-3110.666	1193.769	-471.571	-3126.766	1182.054	-540.095	-3152.886	1170.567	-581.519	-3218.386	1193.409	NA	NA	NA	NA	NA	NA	NA	NA	NA	NA	NA	NA
1055	5.88827	NA	NA	NA	NA	NA	NA	-358.022	-3049.154	1135.592	-412.753	-3096.941	1142.620	-470.778	-3114.215	1133.047	-542.731	-3153.116	1127.758	-582.314	-3205.061	1141.300	NA	NA	NA	NA	NA	NA	NA	NA	NA	NA	NA	NA
1056	5.89385	NA	NA	NA	NA	NA	NA	-367.440	-3028.886	1091.832	-409.407	-3083.380	1089.986	-468.873	-3101.800	1082.962	-541.372	-3141.362	1077.962	-578.398	-3192.578	1082.388	NA	NA	NA	NA	NA	NA	NA	NA	NA	NA	NA	NA
1057	5.89944	NA	NA	NA	NA	NA	NA	-379.298	-3012.924	1045.870	-408.997	-3069.130	1039.305	NA	NA	NA	-539.970	-3128.723	1027.974	-578.351	-3178.915	1029.517	NA	NA	NA	NA	NA	NA	NA	NA	NA	NA	NA	NA
1058	5.90503	NA	NA	NA	NA	NA	NA	-382.110	-2996.499	992.177	-406.520	-3055.141	986.999	NA	NA	NA	-538.455	-3116.122	977.895	-579.539	-3164.740	979.036	NA	NA	NA	NA	NA	NA	NA	NA	NA	NA	NA	NA
1059	5.91061	NA	NA	NA	NA	NA	NA	-385.714	-2979.456	938.703	-406.013	-3040.548	935.712	NA	NA	NA	-537.735	-3102.798	928.089	-579.326	-3150.725	927.295	NA	NA	NA	NA	NA	NA	NA	NA	NA	NA	NA	NA
1060	5.91620	NA	NA	NA	NA	NA	NA	-390.383	-2962.896	885.251	-405.278	-3026.252	884.496	NA	NA	NA	-534.658	-3090.373	877.268	-578.997	-3136.140	875.853	NA	NA	NA	NA	NA	NA	NA	NA	NA	NA	NA	NA
1061	5.92179	NA	NA	NA	NA	NA	NA	-394.616	-2946.324	831.355	-404.324	-3011.259	832.384	NA	NA	NA	-533.656	-3077.511	827.373	-579.195	-3123.464	824.578	NA	NA	NA	NA	NA	NA	NA	NA	NA	NA	NA	NA
1062	5.92737	NA	NA	NA	NA	NA	NA	-399.686	-2930.163	777.676	-404.018	-2995.761	780.103	NA	NA	NA	-530.547	-3064.716	776.597	-578.721	-3108.064	774.222	NA	NA	NA	NA	NA	NA	NA	NA	NA	NA	NA	NA
1063	5.93296	NA	NA	NA	NA	NA	NA	-404.508	-2913.968	723.607	-403.966	-2980.115	727.459	NA	NA	NA	NA	NA	NA	-577.171	-3094.805	722.909	NA	NA	NA	NA	NA	NA	NA	NA	NA	NA	NA	NA
1064	5.93855	NA	NA	NA	NA	NA	NA	-410.275	-2897.177	670.382	NA	NA	NA	NA	NA	NA	NA	NA	NA	-576.232	-3079.802	670.817	NA	NA	NA	NA	NA	NA	NA	NA	NA	NA	NA	NA
1065	5.94413	NA	NA	NA	NA	NA	NA	-415.616	-2881.745	616.498	NA	NA	NA	NA	NA	NA	NA	NA	NA	-580.467	-3080.570	626.339	NA	NA	NA	NA	NA	NA	NA	NA	NA	NA	NA	NA
1066	5.94972	NA	NA	NA	NA	NA	NA	NA	NA	NA	NA	NA	NA	NA	NA	NA	NA	NA	NA	-572.364	-3052.050	567.391	NA	NA	NA	NA	NA	NA	NA	NA	NA	NA	NA	NA
1067	5.95531	NA	NA	NA	NA	NA	NA	NA	NA	NA	NA	NA	NA	NA	NA	NA	NA	NA	NA	-571.922	-3043.498	517.923	NA	NA	NA	NA	NA	NA	NA	NA	NA	NA	NA	NA
1068	5.96089	NA	NA	NA	NA	NA	NA	NA	NA	NA	NA	NA	NA	NA	NA	NA	NA	NA	NA	-573.204	-3040.011	470.835	NA	NA	NA	NA	NA	NA	NA	NA	NA	NA	NA	NA
1069	5.96648	NA	NA	NA	NA	NA	NA	NA	NA	NA	NA	NA	NA	NA	NA	NA	NA	NA	NA	-570.273	-3026.685	419.031	NA	NA	NA	NA	NA	NA	NA	NA	NA	NA	NA	NA
1070	5.97207	NA	NA	NA	NA	NA	NA	NA	NA	NA	NA	NA	NA	NA	NA	NA	NA	NA	NA	-567.084	-3013.284	367.379	NA	NA	NA	NA	NA	NA	NA	NA	NA	NA	NA	NA
1071	5.97765	NA	NA	NA	NA	NA	NA	NA	NA	NA	NA	NA	NA	NA	NA	NA	NA	NA	NA	-563.200	-3000.256	315.408	NA	NA	NA	NA	NA	NA	NA	NA	NA	NA	NA	NA
1072	5.98324	NA	NA	NA	NA	NA	NA	NA	NA	NA	NA	NA	NA	NA	NA	NA	NA	NA	NA	NA	NA	NA	NA	NA	NA	NA	NA	NA	NA	NA	NA	NA	NA	NA
1073	5.98883	NA	NA	NA	NA	NA	NA	NA	NA	NA	NA	NA	NA	NA	NA	NA	NA	NA	NA	NA	NA	NA	NA	NA	NA	NA	NA	NA	NA	NA	NA	NA	NA	NA
1074	5.99441	NA	NA	NA	NA	NA	NA	NA	NA	NA	NA	NA	NA	NA	NA	NA	NA	NA	NA	NA	NA	NA	NA	NA	NA	NA	NA	NA	NA	NA	NA	NA	NA	NA
1075	6.00000	NA	NA	NA	NA	NA	NA	NA	NA	NA	-440.126	-2790.362	88.359	NA	NA	NA	NA	NA	NA	NA	NA	NA	NA	NA	NA	NA	NA	NA	NA	NA	NA	NA	NA	NA
1076	6.00559	NA	NA	NA	NA	NA	NA	NA	NA	NA	-446.379	-2775.377	35.674	NA	NA	NA	NA	NA	NA	NA	NA	NA	NA	NA	NA	NA	NA	NA	NA	NA	NA	NA	NA	NA
