NO_OF_FRAMES	221
NO_OF_CAMERAS	23
NO_OF_MARKERS	14
FREQUENCY	179
NO_OF_ANALOG	0
ANALOG_FREQUENCY	0
DESCRIPTION	--
TIME_STAMP	2015-05-29, 14:51:42	20056.59390366
DATA_INCLUDED	3D
MARKER_NAMES	01	02	03	04	05	06	07	08	09	10	11	12	13	14
Frame	Time	01 X	01 Y	01 Z	02 X	02 Y	02 Z	03 X	03 Y	03 Z	04 X	04 Y	04 Z	05 X	05 Y	05 Z	06 X	06 Y	06 Z	07 X	07 Y	07 Z	08 X	08 Y	08 Z	09 X	09 Y	09 Z	10 X	10 Y	10 Z	11 X	11 Y	11 Z	12 X	12 Y	12 Z	13 X	13 Y	13 Z	14 X	14 Y	14 Z	
17947	100.25698	669.398	-4245.857	7789.864	657.096	-4327.148	7812.703	666.643	-4383.379	7834.708	680.487	-4422.476	7861.282	684.697	-4472.020	7882.217	666.382	-4528.109	7893.721	648.329	-4581.574	7910.879	625.215	-4627.147	7934.010	597.554	-4676.268	7969.982	581.456	-4720.781	8002.149	533.836	-4794.583	8044.727	473.969	-4835.198	8071.979	407.728	-4875.855	8087.082	351.629	-4903.499	8145.960
17948	100.26257	670.964	-4241.215	7775.146	659.022	-4322.627	7797.319	667.032	-4378.611	7818.736	681.218	-4416.009	7847.608	685.657	-4465.609	7870.223	671.988	-4520.278	7882.984	653.510	-4574.464	7898.501	629.249	-4620.071	7920.393	599.917	-4668.297	7956.084	583.040	-4711.411	7989.276	536.402	-4784.127	8035.044	475.886	-4841.752	8053.292	411.950	-4869.359	8075.643	363.547	-4894.930	8140.252
17949	100.26816	672.647	-4236.915	7760.269	660.978	-4318.152	7781.797	667.548	-4374.041	7802.561	681.819	-4409.478	7833.386	689.856	-4456.859	7858.862	677.202	-4512.531	7871.708	658.981	-4567.304	7886.124	633.464	-4613.141	7906.563	602.423	-4660.293	7941.888	584.571	-4702.182	7976.293	538.926	-4773.340	8024.975	479.668	-4831.826	8043.849	416.674	-4863.264	8064.448	379.023	-4883.255	8136.117
17950	100.27374	674.393	-4232.914	7745.310	662.671	-4313.769	7766.383	668.214	-4369.411	7786.120	682.386	-4403.433	7818.973	691.969	-4448.992	7846.241	682.055	-4505.216	7860.100	664.606	-4560.365	7873.730	638.013	-4606.262	7892.586	605.129	-4652.421	7927.461	586.124	-4692.651	7962.258	541.316	-4762.687	8014.304	483.703	-4822.081	8033.958	421.866	-4856.429	8053.504	389.573	-4875.005	8126.563
17951	100.27933	676.133	-4229.168	7730.068	664.140	-4309.095	7751.008	668.039	-4365.220	7770.706	683.102	-4397.366	7803.849	693.895	-4441.643	7832.966	691.504	-4499.010	7847.033	670.306	-4553.025	7861.484	642.760	-4599.182	7878.484	608.041	-4644.271	7912.602	587.630	-4683.253	7948.052	543.573	-4751.637	8002.784	487.998	-4812.496	8023.841	427.421	-4849.284	8042.925	399.197	-4866.936	8115.787
17952	100.28492	677.776	-4225.182	7714.783	665.528	-4304.349	7735.492	668.758	-4360.447	7754.195	684.009	-4391.872	7788.302	695.635	-4434.343	7819.302	696.846	-4490.007	7835.095	675.807	-4545.869	7848.904	647.862	-4592.114	7864.702	611.276	-4636.821	7897.618	584.379	-4673.107	7934.276	545.489	-4740.225	7990.659	492.350	-4802.028	8013.585	433.400	-4842.314	8032.581	403.682	-4863.166	8100.396
17953	100.29050	679.341	-4221.259	7699.093	666.908	-4298.925	7719.816	669.528	-4355.741	7737.305	684.952	-4386.024	7772.015	697.422	-4427.252	7805.113	700.233	-4482.545	7822.303	681.111	-4538.317	7836.229	653.088	-4585.208	7850.752	614.773	-4629.343	7882.448	586.263	-4663.990	7919.147	547.215	-4728.688	7977.952	496.817	-4789.139	8005.853	439.768	-4835.307	8022.520	415.048	-4851.639	8092.784
17954	100.29609	680.874	-4217.159	7683.233	668.567	-4293.963	7704.052	670.227	-4350.729	7720.483	685.916	-4381.640	7755.750	699.093	-4419.925	7790.392	703.364	-4474.596	7809.058	686.238	-4531.120	7823.240	658.421	-4578.174	7836.847	618.542	-4621.852	7867.138	588.382	-4654.971	7903.725	548.776	-4717.016	7964.665	501.407	-4778.984	7995.268	446.581	-4827.969	8012.620	421.610	-4844.603	8080.987
17955	100.30168	682.329	-4212.921	7667.029	670.321	-4288.282	7688.153	670.888	-4345.781	7703.322	686.850	-4375.918	7738.577	700.921	-4413.127	7774.912	706.213	-4467.034	7795.699	691.209	-4523.570	7810.229	663.774	-4571.112	7822.922	622.659	-4614.337	7851.857	590.643	-4646.186	7887.938	550.170	-4705.309	7950.648	505.990	-4768.647	7984.198	453.875	-4819.820	8002.889	427.374	-4837.874	8068.908
17956	100.30726	683.806	-4208.612	7650.578	672.242	-4282.471	7671.967	671.388	-4340.492	7686.222	687.602	-4370.769	7721.413	702.723	-4406.291	7758.940	709.006	-4459.214	7782.131	697.360	-4514.719	7797.673	669.041	-4564.111	7808.884	626.878	-4606.868	7836.510	593.208	-4637.812	7872.158	551.489	-4693.940	7936.130	510.291	-4757.773	7972.763	461.504	-4811.478	7993.397	432.452	-4831.910	8056.666
17957	100.31285	685.311	-4203.951	7633.832	673.910	-4273.607	7656.954	671.823	-4335.251	7668.993	686.913	-4366.762	7705.326	704.574	-4399.906	7742.337	711.714	-4451.743	7768.007	701.877	-4507.108	7784.274	674.085	-4556.540	7794.721	631.179	-4599.700	7820.959	595.815	-4629.386	7855.935	552.661	-4682.588	7920.963	514.413	-4746.463	7961.112	469.164	-4802.169	7983.756	437.276	-4826.521	8044.302
17958	100.31844	686.871	-4199.195	7616.664	676.164	-4268.337	7640.107	672.192	-4329.647	7651.564	687.551	-4361.769	7687.577	706.360	-4393.545	7725.317	714.420	-4444.071	7753.455	706.216	-4499.113	7770.566	679.110	-4549.182	7780.595	635.593	-4592.456	7805.432	598.613	-4621.186	7839.516	549.609	-4670.982	7905.980	518.401	-4735.372	7948.897	476.895	-4791.947	7974.071	442.245	-4821.520	8031.717
17959	100.32402	688.398	-4194.127	7599.186	678.466	-4263.071	7623.123	673.429	-4323.760	7633.049	688.142	-4356.716	7669.413	708.250	-4387.856	7707.920	717.186	-4436.650	7738.122	710.459	-4491.176	7756.671	684.042	-4541.464	7766.415	639.984	-4584.831	7789.839	601.541	-4613.051	7822.854	550.911	-4660.069	7889.624	517.438	-4722.638	7937.293	484.615	-4780.884	7964.376	447.616	-4816.197	8019.488
17960	100.32961	690.082	-4188.947	7581.609	680.905	-4257.788	7606.009	673.860	-4318.340	7615.332	688.762	-4351.712	7651.135	710.004	-4381.934	7690.092	719.995	-4429.096	7722.093	714.549	-4483.076	7742.444	688.751	-4533.700	7752.110	644.412	-4577.484	7774.122	604.576	-4605.142	7805.915	552.543	-4649.959	7873.207	521.294	-4710.870	7924.111	495.107	-4766.727	7958.563	453.758	-4810.396	8007.096
17961	100.33520	691.688	-4183.722	7563.543	683.382	-4252.541	7588.821	674.387	-4312.852	7597.241	689.344	-4346.744	7632.542	711.734	-4375.519	7671.614	722.789	-4421.875	7705.523	718.448	-4474.900	7727.862	693.357	-4525.582	7737.891	648.854	-4570.013	7758.458	607.648	-4597.278	7788.640	556.319	-4639.146	7856.885	525.071	-4698.912	7910.492	502.316	-4754.607	7948.227	460.542	-4803.608	7994.580
17962	100.34078	693.422	-4178.532	7545.567	685.782	-4247.250	7571.442	674.901	-4307.093	7578.995	690.072	-4341.670	7613.627	712.056	-4370.061	7654.106	725.553	-4414.663	7688.407	722.283	-4466.751	7712.690	697.850	-4517.528	7723.541	653.356	-4561.626	7743.112	610.857	-4589.338	7771.302	557.866	-4629.343	7839.280	528.703	-4686.893	7896.236	506.876	-4743.969	7936.696	468.029	-4795.584	7982.203
17963	100.34637	695.018	-4173.246	7527.336	688.179	-4241.978	7553.902	675.449	-4301.398	7560.479	690.857	-4336.162	7594.439	713.771	-4364.538	7635.163	728.120	-4407.387	7670.632	725.944	-4458.450	7697.108	702.217	-4509.154	7708.955	660.733	-4547.217	7735.360	614.127	-4581.292	7753.901	559.610	-4619.830	7821.521	532.326	-4674.856	7881.435	513.598	-4730.325	7925.697	475.979	-4785.955	7970.295
17964	100.35196	696.656	-4168.045	7509.041	690.592	-4236.658	7536.091	676.113	-4295.728	7541.753	691.682	-4331.296	7575.003	715.475	-4358.603	7615.769	729.645	-4400.735	7653.420	729.516	-4450.256	7680.937	706.640	-4500.494	7694.213	664.967	-4539.526	7719.382	618.826	-4571.793	7739.843	559.418	-4611.280	7802.396	535.838	-4662.617	7866.037	519.986	-4716.388	7914.068	484.474	-4774.609	7959.158
17965	100.35754	698.171	-4162.858	7490.566	692.974	-4231.339	7518.175	676.888	-4290.030	7522.818	692.475	-4326.077	7555.155	717.252	-4352.412	7595.979	732.109	-4393.436	7634.614	735.576	-4443.307	7663.426	710.855	-4492.194	7679.015	669.192	-4531.626	7703.213	622.435	-4564.180	7722.429	561.504	-4602.388	7783.939	539.369	-4650.487	7850.154	528.135	-4700.471	7902.623	493.272	-4761.334	7948.828
17966	100.36313	699.494	-4156.002	7472.641	695.405	-4226.039	7500.098	675.776	-4283.174	7504.232	693.370	-4321.216	7535.411	718.909	-4346.611	7575.855	734.419	-4386.456	7615.772	738.812	-4434.946	7646.129	714.904	-4483.563	7663.516	673.513	-4523.680	7687.219	626.145	-4556.565	7704.899	563.457	-4593.461	7764.803	544.648	-4637.616	7834.470	533.772	-4685.860	7889.668	497.588	-4745.643	7942.187
17967	100.36872	700.859	-4150.801	7454.033	697.808	-4220.754	7481.772	676.762	-4277.536	7484.713	694.198	-4315.834	7515.004	720.530	-4341.240	7555.613	736.737	-4379.508	7596.184	741.800	-4426.603	7628.645	718.958	-4474.882	7647.549	677.721	-4515.574	7670.704	630.034	-4548.633	7687.457	566.164	-4585.009	7746.690	547.611	-4625.586	7817.296	534.312	-4670.352	7877.286	506.978	-4728.634	7932.995
17968	100.37430	702.208	-4145.525	7435.449	700.317	-4215.460	7463.122	677.894	-4271.824	7464.882	695.122	-4310.919	7494.488	722.157	-4335.115	7534.769	738.946	-4372.329	7576.364	744.802	-4418.446	7610.349	722.901	-4466.044	7631.071	681.740	-4507.266	7653.238	634.256	-4540.167	7670.289	568.490	-4576.494	7727.280	550.409	-4614.008	7799.612	539.366	-4655.244	7862.709	516.507	-4709.818	7923.969
17969	100.37989	703.458	-4140.215	7416.743	702.795	-4210.183	7444.257	678.974	-4266.027	7444.807	696.091	-4305.542	7473.584	723.765	-4329.329	7513.995	741.035	-4365.620	7556.194	747.585	-4410.186	7591.920	726.731	-4457.339	7614.118	686.413	-4499.299	7637.576	640.136	-4528.836	7656.142	572.457	-4567.215	7708.281	553.014	-4602.461	7781.450	543.759	-4639.954	7847.369	526.191	-4689.212	7914.614
17970	100.38547	704.703	-4136.427	7397.176	705.376	-4204.859	7425.185	680.226	-4260.208	7424.548	696.994	-4300.771	7452.546	725.254	-4323.875	7492.850	743.109	-4358.571	7535.644	750.359	-4401.980	7572.756	732.221	-4447.665	7597.620	690.734	-4491.033	7620.573	644.788	-4520.833	7638.642	575.261	-4558.913	7688.714	555.394	-4591.232	7762.900	547.343	-4624.668	7831.178	536.027	-4666.803	7904.514
17971	100.39106	705.814	-4130.958	7378.148	707.829	-4199.525	7405.906	681.484	-4254.223	7404.123	697.895	-4295.075	7431.021	726.779	-4318.140	7471.444	745.177	-4351.690	7514.710	753.029	-4393.879	7553.343	735.838	-4438.590	7579.626	694.872	-4482.578	7602.498	649.391	-4513.149	7620.736	576.622	-4551.522	7668.297	557.508	-4580.381	7744.764	554.433	-4610.142	7813.236	545.902	-4642.648	7893.044
17972	100.39665	706.934	-4125.520	7359.008	710.383	-4194.251	7386.237	682.729	-4248.465	7383.372	698.872	-4289.843	7409.413	728.241	-4311.906	7449.715	747.096	-4344.642	7493.541	755.549	-4385.512	7533.526	739.422	-4429.645	7561.199	699.283	-4474.200	7585.034	653.783	-4505.478	7602.363	579.771	-4543.316	7648.436	559.460	-4569.318	7725.459	556.743	-4594.837	7795.672	555.351	-4616.998	7879.764
17973	100.40223	708.044	-4120.026	7339.613	712.868	-4188.897	7366.346	684.027	-4242.558	7362.417	699.855	-4284.498	7387.479	729.725	-4305.848	7427.730	748.963	-4337.703	7472.066	758.102	-4377.317	7513.013	745.496	-4421.339	7541.594	703.710	-4465.742	7567.303	658.269	-4497.815	7583.722	583.126	-4535.215	7628.471	561.263	-4558.402	7705.868	557.459	-4579.536	7778.222	569.290	-4592.461	7860.551
17974	100.40782	709.209	-4114.502	7320.044	715.313	-4183.587	7346.249	685.380	-4236.661	7341.333	700.912	-4278.756	7365.276	731.215	-4300.120	7405.724	750.813	-4331.104	7450.359	760.515	-4369.292	7492.399	748.885	-4412.325	7522.334	708.133	-4457.187	7549.230	663.022	-4490.087	7565.321	586.708	-4527.116	7608.527	563.041	-4547.526	7685.980	559.684	-4564.161	7758.535	576.957	-4566.504	7841.456
17975	100.41341	710.378	-4108.955	7300.179	717.768	-4178.310	7325.875	686.616	-4230.625	7320.109	701.890	-4273.544	7343.132	732.632	-4294.186	7383.411	752.672	-4324.113	7428.355	761.827	-4361.461	7472.322	752.205	-4403.381	7502.632	712.560	-4448.634	7530.856	667.762	-4482.293	7546.614	590.519	-4519.344	7588.468	564.768	-4536.595	7665.828	560.288	-4548.720	7739.033	582.754	-4541.759	7820.594
17976	100.41899	711.665	-4103.525	7280.077	720.204	-4172.980	7305.178	687.783	-4224.489	7298.273	702.921	-4268.334	7320.755	734.043	-4288.495	7360.958	754.506	-4317.272	7406.025	764.192	-4353.304	7450.795	755.518	-4394.364	7482.093	716.912	-4440.045	7512.165	672.652	-4474.457	7527.751	594.434	-4511.371	7568.195	566.479	-4525.556	7645.276	560.415	-4533.405	7718.868	586.640	-4518.523	7798.400
17977	100.42458	712.951	-4098.069	7259.584	722.512	-4167.624	7284.239	689.201	-4218.504	7276.500	703.848	-4262.726	7298.046	735.450	-4281.825	7338.003	756.393	-4310.342	7383.344	766.464	-4345.290	7428.996	756.354	-4384.591	7462.193	722.125	-4430.764	7492.454	677.643	-4466.601	7508.823	598.533	-4503.445	7547.894	568.220	-4514.502	7624.496	560.157	-4518.245	7698.014	588.881	-4496.636	7775.440
17978	100.43017	714.366	-4092.672	7238.723	724.741	-4162.265	7263.109	690.413	-4212.478	7254.465	704.741	-4256.707	7275.075	736.847	-4275.875	7314.946	758.199	-4303.279	7360.440	768.692	-4337.487	7406.862	759.630	-4375.800	7441.104	726.489	-4422.389	7474.179	682.637	-4458.681	7489.578	602.930	-4495.652	7527.616	569.940	-4503.652	7603.336	559.617	-4503.190	7676.457	585.101	-4474.663	7755.246
17979	100.43575	715.812	-4087.306	7217.454	726.876	-4156.873	7241.722	691.656	-4206.354	7232.148	705.640	-4250.814	7252.221	738.140	-4270.129	7291.857	760.111	-4296.252	7337.397	770.923	-4329.651	7384.275	762.877	-4367.248	7419.697	730.868	-4413.840	7454.457	687.686	-4450.748	7470.067	607.346	-4487.758	7507.082	571.181	-4492.910	7581.499	558.551	-4488.356	7654.217	584.580	-4455.716	7731.336
17980	100.44134	717.336	-4081.893	7195.729	728.884	-4151.441	7219.992	692.609	-4200.104	7209.482	706.492	-4244.752	7229.171	739.385	-4263.680	7268.449	761.987	-4289.385	7314.047	773.232	-4321.775	7361.468	766.018	-4358.396	7397.793	735.086	-4405.201	7434.352	692.755	-4442.802	7450.435	611.994	-4479.762	7486.499	572.922	-4481.990	7559.591	556.322	-4473.901	7631.798	582.164	-4436.922	7708.900
17981	100.44693	718.901	-4076.461	7173.635	730.813	-4145.973	7197.944	693.640	-4193.722	7186.405	707.280	-4238.454	7205.891	740.537	-4257.432	7244.861	763.926	-4282.564	7290.540	775.540	-4313.912	7338.383	769.111	-4349.623	7375.305	737.437	-4403.454	7406.129	698.199	-4433.625	7430.475	616.776	-4471.594	7465.931	574.785	-4470.944	7537.238	554.630	-4459.598	7608.163	577.694	-4420.648	7684.907
17982	100.45251	720.545	-4071.079	7151.231	732.565	-4140.430	7175.537	694.718	-4187.443	7163.292	707.980	-4232.084	7182.583	741.723	-4251.396	7221.372	765.803	-4275.438	7266.686	777.873	-4306.043	7314.992	772.277	-4341.259	7352.956	743.229	-4393.742	7385.810	704.111	-4426.801	7410.610	621.681	-4463.053	7445.252	575.907	-4460.381	7514.162	552.959	-4445.778	7583.772	571.202	-4405.106	7661.158
17983	100.45810	722.250	-4065.637	7128.327	734.348	-4134.757	7152.791	695.786	-4181.190	7139.859	708.670	-4225.899	7159.144	742.841	-4244.694	7197.489	767.634	-4268.443	7242.783	780.296	-4298.638	7291.485	775.312	-4332.467	7329.835	746.107	-4386.176	7363.391	707.776	-4416.583	7389.436	626.628	-4454.520	7424.477	577.845	-4449.457	7491.006	550.169	-4433.206	7558.295	562.185	-4390.200	7637.848
17984	100.46369	723.953	-4060.008	7104.975	735.985	-4129.085	7129.733	696.834	-4174.788	7116.428	709.216	-4219.553	7135.456	743.779	-4238.286	7173.606	769.430	-4261.518	7218.649	782.551	-4290.982	7267.510	778.504	-4324.402	7306.606	750.390	-4377.484	7341.434	713.873	-4409.853	7369.134	631.555	-4442.798	7404.302	579.952	-4438.480	7467.634	546.429	-4418.844	7533.104	556.432	-4381.055	7606.901
17985	100.46927	725.698	-4054.344	7081.354	737.739	-4123.278	7106.330	697.911	-4168.495	7092.640	709.752	-4212.762	7111.672	744.737	-4231.452	7149.502	771.103	-4254.520	7194.299	784.894	-4283.213	7243.225	781.639	-4316.212	7282.860	754.739	-4368.945	7319.120	719.069	-4401.771	7348.270	636.651	-4434.167	7383.330	582.204	-4427.657	7443.949	545.134	-4406.109	7506.750	546.176	-4371.854	7580.704
17986	100.47486	727.432	-4048.543	7057.256	739.451	-4117.403	7082.537	698.848	-4162.063	7068.664	710.367	-4207.191	7087.676	745.591	-4225.080	7125.160	772.737	-4247.070	7169.718	787.230	-4275.653	7218.694	784.785	-4307.892	7258.641	760.297	-4359.500	7297.075	724.271	-4393.396	7327.085	641.712	-4425.535	7362.231	584.590	-4417.068	7420.005	544.705	-4393.141	7480.199	532.501	-4359.267	7553.458
17987	100.48045	729.126	-4042.641	7032.893	741.148	-4111.488	7058.447	699.798	-4155.576	7044.802	710.965	-4200.833	7063.258	746.417	-4218.633	7100.704	774.200	-4240.184	7145.163	789.558	-4268.375	7193.918	788.061	-4300.122	7234.330	764.585	-4351.048	7273.821	729.511	-4384.968	7305.746	646.694	-4416.763	7340.815	587.072	-4406.738	7395.738	543.694	-4381.140	7452.531	519.320	-4346.749	7523.325
17988	100.48603	730.758	-4036.739	7008.057	742.908	-4105.502	7033.938	700.760	-4149.038	7020.876	710.756	-4192.671	7039.054	747.233	-4211.779	7075.921	775.583	-4232.891	7120.312	791.869	-4260.803	7168.916	791.094	-4293.067	7210.714	768.866	-4342.627	7250.637	734.578	-4376.843	7284.112	651.701	-4407.902	7319.253	589.865	-4392.108	7372.895	542.930	-4369.605	7424.529	506.715	-4334.580	7490.572
17989	100.49162	732.362	-4030.768	6982.972	744.690	-4099.516	7009.066	701.687	-4142.437	6996.661	712.034	-4187.500	7014.052	749.698	-4205.547	7050.610	776.926	-4225.672	7095.279	793.682	-4254.303	7143.514	794.295	-4285.024	7185.587	773.195	-4334.198	7226.829	739.744	-4368.085	7262.225	656.732	-4398.948	7297.523	592.376	-4382.249	7347.942	542.501	-4358.312	7395.943	494.650	-4324.174	7454.284
17990	100.49721	733.904	-4024.764	6957.600	746.507	-4093.482	6983.794	702.654	-4135.669	6972.215	713.638	-4180.946	6988.498	750.728	-4198.879	7025.395	778.341	-4218.658	7070.098	796.371	-4246.032	7118.393	797.671	-4276.469	7158.954	777.142	-4326.206	7203.457	744.831	-4359.116	7239.902	661.724	-4389.736	7275.658	595.173	-4372.501	7322.818	542.447	-4347.665	7366.774	485.336	-4305.160	7420.429
17991	100.50279	735.356	-4018.654	6931.908	748.424	-4087.252	6958.145	703.782	-4129.139	6947.553	713.871	-4174.242	6963.838	751.657	-4192.244	7000.081	777.080	-4211.368	7045.060	798.576	-4238.538	7092.629	800.781	-4270.051	7134.700	781.374	-4317.648	7178.895	749.501	-4354.712	7212.375	666.718	-4380.379	7253.569	597.965	-4362.807	7297.421	542.827	-4336.778	7337.396	477.781	-4293.913	7381.490
17992	100.50838	736.755	-4012.483	6905.947	750.280	-4081.055	6932.385	704.964	-4122.397	6922.577	712.367	-4165.713	6939.706	752.439	-4185.474	6974.523	778.409	-4204.653	7019.425	800.742	-4231.583	7066.885	803.977	-4262.152	7108.694	785.613	-4309.359	7154.176	753.240	-4347.274	7187.920	671.761	-4370.978	7231.229	602.109	-4353.417	7272.755	543.534	-4323.274	7308.655	473.918	-4279.815	7344.454
17993	100.51397	738.120	-4006.296	6879.832	752.248	-4074.771	6906.455	706.314	-4115.883	6897.385	712.518	-4159.246	6914.709	750.422	-4179.418	6949.812	780.129	-4197.091	6993.655	802.982	-4224.177	7040.539	807.120	-4254.131	7082.560	789.740	-4300.854	7129.072	758.069	-4338.546	7164.166	677.995	-4360.922	7210.048	605.080	-4343.984	7246.911	544.296	-4313.854	7278.365	471.349	-4270.822	7303.922
17994	100.51955	739.401	-4000.072	6853.305	754.283	-4068.473	6880.391	707.587	-4108.827	6872.110	712.615	-4152.750	6889.651	749.795	-4173.335	6923.951	783.552	-4190.678	6966.762	805.244	-4216.793	7013.904	810.357	-4247.063	7056.296	793.787	-4292.338	7103.934	762.816	-4329.652	7139.967	683.241	-4351.393	7187.371	608.273	-4334.668	7220.892	545.350	-4304.399	7247.922	470.201	-4260.550	7263.243
17995	100.52514	740.713	-3993.884	6826.601	756.315	-4062.106	6854.060	709.008	-4102.221	6846.695	712.616	-4145.412	6864.051	750.019	-4167.114	6898.260	784.693	-4183.640	6940.232	807.620	-4209.795	6987.068	813.593	-4239.554	7029.765	797.700	-4283.600	7078.245	767.470	-4320.298	7115.586	686.711	-4342.145	7162.490	611.752	-4324.076	7195.628	546.993	-4293.279	7219.576	470.818	-4251.725	7222.622
17996	100.53073	741.998	-3987.747	6799.689	758.428	-4055.739	6827.596	710.349	-4095.184	6821.217	712.421	-4139.192	6839.305	749.520	-4161.271	6872.442	783.838	-4176.822	6914.352	809.932	-4203.074	6959.970	816.723	-4231.472	7002.646	801.637	-4274.819	7052.370	772.093	-4310.984	7090.920	692.269	-4329.306	7141.117	615.223	-4315.095	7168.758	548.804	-4284.556	7188.192	472.823	-4243.467	7182.414
17997	100.53631	743.202	-3981.641	6772.483	760.530	-4049.410	6800.851	711.763	-4088.421	6795.463	712.624	-4131.645	6812.738	749.839	-4154.199	6846.508	784.933	-4169.780	6887.369	812.132	-4195.673	6932.413	819.913	-4223.818	6975.393	805.463	-4265.870	7026.220	776.605	-4301.180	7065.999	697.249	-4319.593	7117.257	618.852	-4306.187	7141.556	551.137	-4276.182	7156.668	476.084	-4237.095	7142.745
17998	100.54190	744.446	-3975.569	6745.219	762.592	-4042.987	6773.973	713.167	-4081.245	6769.743	712.597	-4124.701	6786.947	749.511	-4148.061	6820.220	786.007	-4163.201	6860.117	814.223	-4188.240	6904.717	823.076	-4216.440	6948.069	809.608	-4258.208	6999.425	780.955	-4291.297	7040.597	702.118	-4309.807	7093.003	622.626	-4297.361	7114.184	553.792	-4268.000	7124.850	479.802	-4229.944	7104.111
17999	100.54749	745.741	-3969.514	6717.810	764.650	-4036.594	6746.946	714.486	-4072.735	6744.756	712.549	-4114.212	6766.815	749.432	-4141.827	6793.546	787.222	-4156.400	6832.603	816.276	-4181.429	6876.916	826.138	-4208.558	6920.276	813.400	-4248.932	6972.637	785.437	-4281.684	7014.807	707.020	-4299.933	7068.453	626.560	-4288.534	7086.519	556.902	-4260.093	7092.946	484.388	-4223.493	7066.057
18000	100.55307	747.092	-3963.494	6690.274	766.578	-4030.217	6719.971	715.999	-4065.764	6718.603	712.549	-4107.198	6740.566	749.410	-4135.791	6766.751	788.342	-4149.683	6804.703	816.920	-4172.994	6849.337	829.118	-4200.752	6892.245	817.215	-4240.124	6945.413	789.824	-4272.007	6988.638	711.928	-4289.825	7043.573	630.594	-4279.741	7058.552	560.269	-4252.375	7060.817	489.454	-4217.856	7028.248
18001	100.55866	748.428	-3957.469	6662.658	768.650	-4023.756	6692.784	717.399	-4058.933	6693.031	713.308	-4100.762	6714.686	749.251	-4129.911	6739.744	789.482	-4143.034	6776.669	818.837	-4165.687	6820.798	831.937	-4192.600	6863.890	820.848	-4230.331	6918.260	794.006	-4264.187	6961.642	716.765	-4279.480	7018.342	634.732	-4270.969	7030.382	564.006	-4244.864	7028.570	495.216	-4219.602	6986.635
18002	100.56425	749.836	-3951.387	6634.973	770.706	-4017.382	6665.711	719.021	-4052.024	6666.506	713.373	-4093.796	6688.030	749.111	-4124.050	6712.537	790.444	-4136.088	6748.297	820.812	-4158.673	6792.140	834.802	-4184.641	6835.381	824.651	-4221.342	6890.385	798.295	-4254.675	6934.641	721.603	-4268.981	6992.613	638.954	-4262.201	7002.100	567.977	-4237.585	6996.379	500.524	-4215.078	6950.244
18003	100.56983	751.301	-3945.333	6607.283	772.695	-4010.969	6638.465	720.615	-4045.185	6639.633	713.459	-4086.754	6661.035	748.839	-4118.035	6685.104	791.504	-4129.620	6719.780	822.675	-4151.143	6763.012	837.524	-4176.588	6806.424	828.227	-4212.047	6862.153	802.677	-4244.716	6907.385	726.457	-4258.333	6966.505	643.352	-4253.385	6973.525	572.201	-4230.527	6964.113	505.981	-4210.352	6914.790
18004	100.57542	752.779	-3939.169	6579.604	774.744	-4004.615	6611.271	722.386	-4038.304	6612.636	713.629	-4079.755	6633.917	748.607	-4112.265	6657.403	792.393	-4122.779	6691.111	824.499	-4143.712	6733.795	840.306	-4168.528	6777.303	831.912	-4203.250	6833.735	806.997	-4234.997	6879.654	731.247	-4247.542	6939.969	647.779	-4244.437	6944.775	576.583	-4223.683	6931.883	511.520	-4205.787	6879.908
18005	100.58101	754.325	-3933.132	6551.896	776.799	-3998.227	6583.967	724.209	-4031.718	6585.308	713.798	-4072.729	6606.428	748.173	-4106.104	6629.574	793.589	-4115.416	6662.006	826.366	-4136.500	6704.368	842.985	-4160.116	6747.957	836.275	-4189.112	6812.026	812.486	-4217.343	6858.596	736.056	-4236.727	6913.009	652.340	-4235.314	6915.846	582.002	-4217.667	6898.870	517.083	-4200.781	6845.378
18006	100.58659	755.897	-3927.013	6524.284	778.914	-3991.819	6556.512	726.115	-4025.046	6557.847	714.004	-4065.751	6578.719	747.850	-4100.587	6601.630	794.289	-4108.669	6632.958	828.042	-4128.553	6674.619	846.376	-4148.500	6724.549	840.472	-4179.536	6783.774	816.840	-4207.598	6830.083	741.485	-4226.288	6886.254	657.030	-4226.178	6886.716	586.793	-4211.119	6866.808	522.296	-4189.216	6815.370
18007	100.59218	757.494	-3920.950	6496.579	780.858	-3985.520	6529.427	728.047	-4018.488	6530.179	714.242	-4058.787	6550.632	747.359	-4094.242	6573.397	794.693	-4101.802	6603.635	829.753	-4120.587	6644.542	849.019	-4139.886	6694.603	843.473	-4171.227	6752.955	821.218	-4197.930	6801.248	745.725	-4214.997	6857.937	661.777	-4216.951	6857.487	591.057	-4203.999	6835.764	527.694	-4184.742	6781.937
18008	100.59777	759.172	-3914.808	6469.012	783.164	-3979.139	6501.682	730.013	-4011.913	6502.260	714.544	-4051.857	6522.362	746.934	-4088.182	6544.946	795.218	-4095.109	6574.191	831.348	-4112.793	6614.389	851.387	-4131.625	6664.247	847.066	-4162.188	6722.943	825.543	-4188.159	6771.921	750.579	-4204.097	6829.742	666.581	-4207.704	6827.963	596.239	-4197.372	6803.833	533.097	-4180.587	6748.936
18009	100.60335	760.829	-3908.707	6441.323	785.176	-3972.985	6474.104	732.031	-4005.424	6474.113	714.832	-4044.820	6493.681	746.469	-4082.074	6516.329	795.526	-4088.353	6544.555	834.269	-4105.514	6583.165	852.868	-4126.104	6632.647	851.473	-4152.027	6694.135	829.901	-4178.401	6742.337	755.471	-4193.142	6801.152	671.448	-4198.427	6798.299	602.418	-4191.511	6771.139	538.628	-4176.534	6716.137
18010	100.60894	762.633	-3902.650	6413.800	787.368	-3966.683	6446.289	734.004	-3998.979	6445.608	715.161	-4037.817	6464.891	745.992	-4075.968	6487.304	795.791	-4081.763	6514.676	835.595	-4097.508	6552.663	855.294	-4117.478	6601.784	855.263	-4142.577	6663.784	834.241	-4168.720	6712.292	760.383	-4182.268	6772.148	676.455	-4188.970	6768.447	607.886	-4184.812	6739.343	543.996	-4172.803	6683.775
18011	100.61453	764.412	-3896.497	6386.064	789.593	-3960.485	6418.416	736.096	-3992.581	6416.983	715.530	-4030.707	6435.821	745.435	-4069.594	6458.221	796.056	-4075.042	6484.513	836.828	-4089.301	6521.873	857.559	-4108.773	6570.723	859.019	-4133.027	6633.244	838.659	-4159.043	6681.996	765.327	-4171.371	6742.880	681.500	-4179.584	6738.408	613.479	-4178.016	6707.834	549.580	-4169.204	6651.677
18012	100.62011	766.236	-3890.444	6358.268	791.697	-3954.311	6390.471	738.241	-3986.015	6388.028	715.989	-4023.587	6406.522	744.810	-4063.152	6428.799	796.216	-4068.405	6454.260	836.689	-4080.549	6491.591	859.886	-4099.923	6539.354	861.649	-4126.416	6600.673	843.240	-4149.484	6651.218	770.310	-4160.574	6713.009	686.608	-4170.158	6708.079	619.142	-4171.039	6676.446	555.095	-4165.462	6619.803
18013	100.62570	768.127	-3884.145	6330.381	793.955	-3947.982	6362.158	740.324	-3979.718	6358.937	716.535	-4016.439	6376.956	744.232	-4056.602	6399.361	796.122	-4061.349	6423.843	837.768	-4072.262	6460.234	862.041	-4090.961	6507.679	864.011	-4121.944	6561.826	847.819	-4139.549	6620.467	775.347	-4149.970	6682.700	691.709	-4160.590	6677.671	624.483	-4168.870	6643.459	560.627	-4161.567	6588.141
18014	100.63128	770.066	-3877.840	6302.361	796.089	-3941.692	6333.773	742.515	-3973.241	6329.599	717.048	-4009.241	6347.075	743.482	-4049.803	6369.529	796.031	-4054.692	6393.478	838.778	-4064.190	6428.833	864.202	-4081.863	6475.724	867.577	-4112.616	6529.857	852.472	-4129.769	6589.026	780.414	-4139.472	6652.122	696.871	-4150.931	6647.113	630.335	-4161.890	6612.025	566.243	-4157.558	6556.877
18015	100.63687	771.976	-3871.503	6274.112	798.318	-3935.299	6305.231	744.690	-3966.560	6300.206	717.699	-4001.951	6316.930	742.737	-4042.808	6339.579	795.767	-4047.906	6362.918	839.751	-4056.015	6397.150	866.321	-4072.789	6443.533	871.277	-4103.091	6497.793	858.039	-4118.704	6557.962	785.559	-4129.152	6621.007	702.066	-4141.204	6616.406	636.168	-4154.861	6580.557	571.013	-4152.259	6527.176
18016	100.64246	773.963	-3865.060	6245.588	800.309	-3928.922	6276.721	746.896	-3960.107	6270.550	718.491	-3994.690	6286.653	741.934	-4035.846	6309.387	795.250	-4040.590	6332.043	841.698	-4048.344	6364.599	868.408	-4063.680	6411.043	874.949	-4093.624	6465.377	861.873	-4110.186	6525.571	790.701	-4118.990	6589.613	707.229	-4131.550	6585.452	641.988	-4147.125	6549.459	576.337	-4148.002	6496.445
18017	100.64804	775.927	-3858.551	6216.841	802.474	-3922.300	6247.801	749.175	-3953.432	6240.718	719.331	-3987.397	6256.225	741.130	-4028.783	6278.877	794.838	-4033.882	6301.040	842.250	-4040.017	6332.634	870.329	-4054.438	6378.340	879.020	-4083.257	6432.886	866.503	-4100.297	6493.168	795.970	-4108.870	6557.876	712.450	-4121.783	6554.308	647.789	-4139.689	6518.138	581.862	-4143.603	6464.873
18018	100.65363	777.924	-3851.965	6187.770	804.573	-3915.573	6218.813	751.401	-3946.620	6210.826	720.301	-3979.933	6225.634	740.271	-4021.916	6248.227	794.147	-4026.303	6270.043	842.593	-4031.641	6300.558	872.204	-4045.148	6345.291	882.300	-4074.078	6399.757	871.325	-4090.183	6460.729	801.304	-4098.999	6525.821	717.811	-4112.166	6523.001	653.530	-4132.171	6486.701	587.488	-4139.059	6434.183
18019	100.65922	779.909	-3845.327	6158.225	806.710	-3908.778	6189.518	753.739	-3939.759	6180.748	721.395	-3972.520	6194.695	739.362	-4014.848	6217.172	793.467	-4019.589	6238.716	842.827	-4023.090	6268.303	874.786	-4032.257	6315.387	886.008	-4064.282	6366.529	875.026	-4093.147	6418.237	806.702	-4089.217	6493.350	722.732	-4102.350	6491.013	659.663	-4123.932	6455.265	592.856	-4134.198	6403.857
18020	100.66480	781.744	-3838.704	6128.625	808.730	-3901.966	6161.464	756.054	-3932.737	6150.545	722.619	-3964.977	6163.807	738.545	-4007.813	6186.084	792.592	-4011.921	6207.371	842.898	-4014.659	6236.004	875.142	-4028.456	6275.488	889.677	-4054.471	6332.969	880.979	-4070.534	6394.418	812.153	-4079.483	6460.519	728.247	-4092.816	6459.270	664.457	-4110.530	6425.646	598.038	-4129.102	6374.069
18021	100.67039	783.629	-3832.003	6098.423	810.824	-3894.773	6131.680	758.275	-3925.461	6120.138	723.914	-3957.319	6132.741	737.756	-4000.740	6154.637	791.763	-4005.146	6175.781	842.881	-4006.219	6203.411	876.613	-4018.932	6242.119	893.010	-4044.254	6299.254	886.004	-4060.466	6360.828	817.681	-4069.918	6427.341	733.796	-4083.397	6427.291	671.180	-4107.998	6392.812	603.193	-4123.526	6344.174
18022	100.67598	785.429	-3825.142	6067.959	812.904	-3887.425	6101.721	760.541	-3918.134	6089.577	725.276	-3949.531	6101.410	737.086	-3993.726	6122.906	790.864	-3998.414	6143.936	842.649	-3997.691	6170.667	877.880	-4008.600	6208.673	896.469	-4033.999	6265.283	889.767	-4059.897	6318.180	823.252	-4060.460	6393.839	739.423	-4073.976	6395.077	676.792	-4099.428	6361.672	608.242	-4117.677	6314.703
18023	100.68156	786.117	-3818.789	6037.388	814.772	-3880.088	6071.613	762.820	-3910.542	6059.108	726.671	-3941.675	6070.075	736.376	-3986.333	6090.949	789.895	-3991.032	6112.213	842.471	-3989.384	6137.843	879.124	-3999.473	6174.900	899.831	-4024.007	6230.919	896.134	-4040.809	6292.617	828.957	-4051.203	6359.910	745.223	-4064.500	6362.762	681.216	-4086.001	6331.431	612.950	-4111.477	6285.667
18024	100.68715	787.737	-3811.805	6006.295	816.644	-3872.533	6041.185	765.012	-3903.032	6028.188	728.067	-3933.634	6038.451	736.047	-3975.439	6062.061	788.393	-3980.140	6081.116	840.767	-3980.568	6105.609	880.255	-3989.585	6140.999	903.077	-4013.692	6196.396	901.075	-4030.573	6258.087	834.709	-4042.023	6325.671	751.038	-4055.109	6330.168	686.671	-4077.709	6300.140	617.614	-4104.813	6256.807
18025	100.69274	789.343	-3804.519	5974.958	818.565	-3864.785	6010.359	767.196	-3895.485	5997.041	729.515	-3925.510	6006.804	735.598	-3967.751	6029.975	787.411	-3973.558	6049.056	840.346	-3972.131	6072.549	881.072	-3979.760	6106.962	906.131	-4003.166	6161.668	906.079	-4020.554	6223.134	840.554	-4033.173	6291.058	756.990	-4045.774	6297.300	692.070	-4069.299	6268.954	622.095	-4097.676	6228.142
18026	100.69832	790.813	-3797.145	5943.335	818.896	-3858.528	5981.626	769.627	-3886.238	5966.676	730.912	-3917.287	5974.676	734.876	-3962.996	5994.157	786.458	-3966.970	6016.743	839.745	-3963.823	6039.306	881.702	-3969.901	6072.811	910.068	-3984.705	6135.294	911.064	-4010.371	6187.896	846.191	-4026.384	6254.523	763.317	-4036.865	6264.203	697.532	-4060.643	6237.847	626.463	-4090.182	6199.860
18027	100.70391	792.211	-3789.640	5911.521	820.627	-3850.493	5950.161	770.080	-3879.895	5936.357	732.376	-3909.057	5942.659	734.485	-3954.995	5961.616	785.491	-3960.402	5984.559	839.051	-3955.551	6006.095	882.227	-3960.025	6038.484	911.878	-3982.068	6091.487	915.896	-4000.159	6152.298	852.130	-4018.162	6219.086	769.502	-4027.697	6230.787	703.054	-4051.900	6206.689	630.640	-4083.394	6171.164
18028	100.70950	793.423	-3782.039	5879.614	822.322	-3842.485	5918.469	772.191	-3872.260	5904.507	733.394	-3901.620	5911.479	732.105	-3947.191	5929.556	784.531	-3953.791	5951.997	838.365	-3947.877	5972.377	882.615	-3950.207	6004.033	914.574	-3971.174	6056.143	920.790	-3989.441	6116.564	858.274	-4010.010	6183.337	775.800	-4018.625	6197.166	708.445	-4043.146	6175.556	634.889	-4075.281	6143.534
18029	100.71508	794.577	-3774.234	5847.388	824.045	-3834.274	5886.211	774.174	-3864.580	5872.488	734.736	-3893.307	5879.152	731.789	-3938.838	5896.627	783.595	-3946.993	5919.343	837.479	-3939.810	5938.547	882.376	-3940.266	5969.681	916.752	-3957.518	6023.584	925.425	-3978.880	6080.509	864.520	-4002.042	6147.416	782.330	-4009.741	6163.207	714.294	-4033.959	6144.077	639.110	-4066.850	6116.303
18030	100.72067	795.557	-3766.366	5815.154	825.682	-3826.058	5853.850	776.210	-3856.813	5840.263	736.062	-3884.816	5846.368	731.482	-3930.317	5863.642	782.628	-3940.134	5886.543	834.470	-3932.952	5906.414	882.250	-3930.368	5935.065	918.999	-3949.372	5984.807	929.924	-3968.343	6043.975	871.010	-3994.051	6111.304	789.149	-4000.882	6129.090	719.940	-4024.856	6112.919	643.461	-4057.927	6089.595
18031	100.72626	796.548	-3758.295	5782.875	827.358	-3817.885	5820.911	778.123	-3848.820	5807.500	737.407	-3876.372	5813.776	731.260	-3921.721	5830.416	780.322	-3934.203	5854.133	833.631	-3924.674	5872.600	879.799	-3921.564	5901.221	921.061	-3938.355	5948.884	934.274	-3957.369	6007.461	877.541	-3986.514	6074.807	796.050	-3992.342	6094.520	726.024	-4015.367	6081.324	648.228	-4048.344	6063.146
18032	100.73184	797.328	-3750.037	5750.337	828.984	-3809.468	5787.439	779.963	-3840.877	5774.757	738.729	-3867.737	5780.720	730.994	-3913.053	5797.138	779.249	-3927.029	5820.693	832.680	-3916.758	5838.123	879.464	-3912.029	5866.339	919.066	-3928.564	5914.186	938.564	-3946.358	5970.470	884.262	-3978.947	6038.054	803.096	-3983.925	6059.791	732.079	-4005.698	6050.721	653.138	-4038.044	6037.053
18033	100.73743	797.946	-3741.870	5717.647	830.658	-3801.159	5753.776	781.904	-3832.827	5742.208	740.033	-3859.088	5747.803	731.469	-3901.861	5767.081	778.269	-3919.637	5787.225	831.835	-3908.671	5803.794	878.969	-3902.538	5831.277	920.714	-3917.542	5877.897	942.437	-3935.283	5933.471	891.013	-3971.571	6000.928	810.497	-3975.651	6024.618	738.555	-3996.776	6018.238	658.406	-4027.065	6011.764
18034	100.74302	798.541	-3733.513	5684.881	832.377	-3792.736	5719.821	783.731	-3824.663	5709.208	741.260	-3850.275	5714.743	731.316	-3893.105	5733.490	777.320	-3912.247	5753.586	830.946	-3900.353	5769.523	878.572	-3893.258	5795.996	922.054	-3906.559	5841.552	947.104	-3924.587	5896.484	897.999	-3964.078	5963.737	818.106	-3967.735	5989.470	745.385	-3985.871	5987.380	664.382	-4015.009	5986.140
18035	100.74860	798.952	-3725.130	5651.892	833.760	-3785.124	5684.137	785.422	-3816.357	5676.083	742.432	-3841.337	5681.557	731.120	-3884.166	5699.726	776.292	-3904.717	5719.596	830.028	-3892.397	5735.013	878.159	-3883.833	5760.564	923.277	-3895.742	5804.961	950.413	-3913.583	5858.899	905.164	-3956.637	5926.153	825.981	-3960.037	5953.977	752.711	-3975.687	5955.245	670.884	-4002.014	5960.244
18036	100.75419	799.375	-3716.635	5618.699	835.449	-3775.735	5650.855	787.251	-3808.086	5643.152	743.495	-3832.156	5648.441	730.925	-3875.228	5665.953	775.383	-3896.981	5685.260	829.215	-3883.734	5700.431	877.722	-3874.373	5725.019	924.398	-3884.922	5768.097	953.535	-3902.434	5820.998	910.616	-3950.655	5888.259	833.852	-3953.959	5917.463	760.418	-3965.531	5923.005	678.328	-3988.050	5934.503
18037	100.75978	799.716	-3708.198	5585.608	836.723	-3768.327	5614.766	788.990	-3799.630	5609.820	744.659	-3822.902	5615.191	730.761	-3865.993	5631.917	774.510	-3889.092	5650.546	827.645	-3871.588	5666.508	876.950	-3863.200	5688.767	925.590	-3873.352	5731.249	956.500	-3891.135	5782.722	917.806	-3943.572	5849.962	840.517	-3947.977	5882.456	768.591	-3955.335	5890.448	686.894	-3973.562	5908.346
18038	100.76536	799.882	-3699.701	5551.672	838.080	-3759.365	5579.719	790.691	-3791.042	5576.449	745.774	-3813.616	5582.071	730.578	-3856.708	5597.900	773.532	-3881.040	5615.904	826.604	-3866.955	5629.762	876.540	-3855.275	5653.470	926.485	-3862.506	5694.009	958.970	-3880.057	5744.471	925.135	-3936.295	5811.297	849.036	-3940.944	5846.398	775.742	-3946.820	5859.397	696.369	-3957.884	5881.837
18039	100.77095	800.128	-3691.049	5517.877	839.167	-3750.640	5544.566	792.414	-3782.514	5543.315	746.899	-3804.152	5548.597	730.387	-3847.253	5563.891	772.658	-3872.814	5580.708	826.068	-3854.804	5596.162	875.494	-3844.318	5616.464	926.915	-3851.731	5657.039	958.041	-3875.167	5697.784	932.599	-3928.964	5772.174	857.801	-3933.992	5809.917	784.949	-3936.822	5826.185	705.064	-3943.454	5855.227
18040	100.77654	800.225	-3682.603	5483.640	840.312	-3741.588	5509.417	793.864	-3775.071	5509.020	747.994	-3794.545	5515.009	730.266	-3837.606	5529.630	771.736	-3864.477	5545.439	826.004	-3846.321	5561.686	873.814	-3834.813	5578.472	927.322	-3840.762	5619.617	960.112	-3863.774	5659.328	940.178	-3921.502	5732.779	866.957	-3927.240	5773.148	794.342	-3928.191	5791.492	717.215	-3926.638	5827.540
18041	100.78212	800.404	-3674.075	5449.317	841.328	-3732.314	5474.520	795.638	-3766.333	5475.398	749.269	-3785.059	5481.247	730.064	-3827.824	5495.586	770.777	-3855.968	5510.162	825.229	-3837.833	5525.867	872.887	-3825.467	5541.567	927.421	-3830.206	5582.333	961.984	-3852.575	5620.882	947.491	-3913.549	5692.792	875.532	-3920.842	5735.215	804.735	-3918.307	5757.502	730.740	-3910.345	5799.091
18042	100.78771	800.432	-3665.583	5414.795	842.161	-3723.145	5439.510	797.447	-3757.706	5441.555	750.532	-3775.482	5447.461	729.838	-3817.753	5461.418	769.849	-3847.323	5474.696	824.465	-3829.287	5489.864	872.318	-3816.127	5505.121	927.368	-3819.538	5544.833	963.562	-3841.622	5582.355	954.752	-3905.305	5652.433	885.248	-3914.392	5697.906	815.659	-3908.739	5723.580	745.837	-3894.645	5769.837
18043	100.79330	800.314	-3656.983	5379.759	842.935	-3713.505	5404.489	799.257	-3749.293	5407.389	751.840	-3765.848	5413.169	729.739	-3807.563	5427.145	769.476	-3837.895	5439.407	823.714	-3820.678	5453.591	872.688	-3806.692	5469.611	927.172	-3808.822	5507.150	964.839	-3830.359	5543.705	961.791	-3896.713	5611.686	895.237	-3908.123	5660.408	826.814	-3900.316	5689.048	762.251	-3879.694	5739.998
18044	100.79888	800.120	-3648.342	5344.745	843.530	-3703.981	5369.813	801.090	-3740.354	5373.260	753.136	-3756.194	5378.626	729.547	-3797.118	5392.670	768.491	-3828.907	5403.997	822.935	-3812.087	5417.246	872.053	-3797.271	5432.430	926.850	-3798.577	5469.369	965.822	-3819.504	5505.091	965.239	-3890.345	5564.691	905.456	-3901.854	5622.288	839.086	-3891.069	5654.419	780.065	-3865.730	5709.118
18045	100.80447	799.825	-3639.588	5309.362	844.221	-3693.861	5335.013	803.258	-3730.289	5339.641	754.477	-3746.436	5343.817	729.448	-3786.555	5358.057	766.811	-3820.229	5368.433	822.178	-3803.418	5380.746	871.399	-3787.883	5395.093	926.542	-3788.261	5431.381	966.738	-3808.641	5466.286	971.690	-3880.842	5523.102	915.795	-3895.646	5583.797	852.430	-3881.466	5619.623	799.330	-3852.667	5677.919
18046	100.81006	799.460	-3630.765	5274.055	844.651	-3683.824	5300.038	805.018	-3721.193	5305.324	755.862	-3736.653	5308.758	728.381	-3777.613	5322.633	765.805	-3810.115	5333.092	821.331	-3794.574	5344.157	870.687	-3778.463	5357.552	926.549	-3777.754	5393.138	967.605	-3797.547	5427.244	979.587	-3870.478	5480.797	926.495	-3889.321	5545.071	865.849	-3873.264	5584.134	817.202	-3841.812	5644.498
18047	100.81564	799.017	-3621.953	5238.395	845.052	-3673.611	5265.294	806.783	-3712.049	5270.796	757.238	-3726.776	5273.422	729.186	-3765.064	5287.981	764.391	-3801.041	5297.665	820.463	-3785.660	5307.636	870.014	-3769.108	5319.889	926.338	-3767.467	5354.713	968.509	-3786.604	5387.865	987.750	-3858.268	5446.320	937.298	-3882.738	5505.796	879.544	-3865.736	5547.900	840.340	-3834.034	5610.176
18048	100.82123	798.537	-3613.043	5202.836	845.509	-3662.703	5231.736	808.080	-3703.961	5235.760	758.650	-3716.983	5238.082	729.102	-3754.232	5252.481	763.161	-3791.075	5262.272	819.552	-3776.659	5271.026	869.358	-3759.780	5282.182	926.099	-3757.404	5316.185	969.423	-3775.907	5348.389	993.657	-3845.266	5404.726	948.716	-3875.954	5466.590	893.475	-3858.950	5511.232	863.659	-3825.066	5576.581
18049	100.82682	797.977	-3603.873	5167.183	845.575	-3652.100	5196.812	810.248	-3693.447	5201.648	760.078	-3707.159	5202.430	729.097	-3743.226	5216.697	761.799	-3780.852	5226.996	818.250	-3766.680	5235.040	868.712	-3750.483	5244.496	926.060	-3747.422	5277.407	970.309	-3765.062	5308.588	997.659	-3836.402	5357.300	959.881	-3868.999	5426.539	907.549	-3852.778	5474.229	888.128	-3818.167	5541.860
18050	100.83240	797.442	-3594.610	5131.617	845.684	-3641.508	5161.499	811.975	-3683.959	5166.671	762.706	-3696.788	5166.718	728.787	-3732.851	5180.123	760.477	-3770.362	5191.641	817.150	-3757.613	5198.796	870.912	-3739.767	5210.518	925.868	-3737.272	5238.313	971.287	-3754.396	5268.523	1003.290	-3825.586	5315.492	971.143	-3861.626	5386.242	921.921	-3847.674	5436.678	913.842	-3813.269	5504.658
18051	100.83799	796.782	-3585.386	5095.886	845.549	-3630.756	5126.627	813.719	-3674.396	5131.575	764.452	-3686.787	5130.556	728.798	-3721.906	5143.653	759.002	-3759.964	5156.448	816.322	-3748.634	5161.618	870.610	-3728.322	5172.539	925.659	-3727.627	5199.073	972.256	-3743.690	5227.972	1008.265	-3814.092	5273.897	982.097	-3853.809	5344.938	936.635	-3843.226	5399.160	940.262	-3809.503	5466.496
18052	100.84358	796.057	-3576.065	5060.132	845.353	-3619.996	5091.607	815.284	-3664.643	5096.055	766.254	-3676.721	5094.211	729.239	-3709.939	5107.508	757.512	-3749.235	5120.807	815.166	-3739.002	5125.441	868.967	-3721.266	5134.352	925.673	-3718.051	5159.339	973.282	-3733.091	5187.357	1013.036	-3802.867	5232.182	993.003	-3845.599	5303.216	951.608	-3839.516	5360.817	965.930	-3800.193	5427.841
18053	100.84916	795.391	-3566.490	5024.607	846.631	-3611.935	5055.063	816.945	-3654.858	5060.819	767.767	-3666.707	5057.693	729.468	-3698.643	5070.777	756.127	-3738.605	5085.323	813.880	-3729.229	5089.180	867.967	-3711.891	5096.314	925.558	-3708.777	5119.459	974.356	-3722.512	5146.165	1017.301	-3790.713	5190.616	1003.929	-3837.069	5261.076	968.976	-3837.212	5323.897	990.932	-3800.205	5385.996
18054	100.85475	794.564	-3556.728	4989.010	843.482	-3603.762	5014.994	818.576	-3644.936	5025.411	769.102	-3656.716	5021.131	729.853	-3687.348	5033.901	754.573	-3727.707	5049.188	812.287	-3720.555	5051.751	866.857	-3702.507	5058.436	925.399	-3699.239	5079.136	975.448	-3711.799	5104.676	1020.558	-3778.601	5149.509	1014.897	-3827.783	5218.771	985.884	-3834.502	5284.466	1014.836	-3800.853	5341.919
18055	100.86034	793.700	-3546.625	4953.503	845.350	-3589.622	4983.541	820.113	-3634.794	4989.902	770.769	-3647.907	4984.645	730.335	-3675.928	4996.940	753.286	-3716.882	5013.135	811.115	-3710.386	5016.015	865.765	-3694.341	5020.205	925.312	-3689.937	5038.558	976.420	-3701.694	5062.850	1024.460	-3765.947	5108.021	1025.558	-3817.834	5176.203	1002.708	-3832.879	5243.238	1037.345	-3803.237	5297.668
18056	100.86592	792.767	-3536.348	4917.907	842.654	-3580.919	4943.644	821.690	-3624.431	4954.214	772.640	-3637.199	4948.152	730.860	-3664.370	4960.112	751.886	-3705.815	4976.444	809.914	-3700.304	4979.930	865.061	-3684.803	4982.432	925.035	-3680.630	4997.870	977.225	-3691.203	5020.757	1027.947	-3753.468	5066.328	1033.929	-3808.218	5132.093	1013.391	-3831.764	5196.380	1059.098	-3805.028	5251.797
18057	100.87151	791.761	-3525.792	4882.353	843.910	-3567.464	4910.792	822.962	-3614.956	4918.117	774.350	-3626.580	4912.026	731.317	-3653.756	4922.115	750.774	-3694.914	4939.941	808.710	-3690.188	4943.407	864.182	-3673.976	4944.823	926.525	-3670.343	4957.821	977.930	-3680.888	4978.661	1031.239	-3740.810	5024.861	1040.802	-3799.027	5084.687	1031.218	-3829.670	5151.858	1078.760	-3809.122	5205.839
18058	100.87709	790.713	-3515.274	4846.831	842.951	-3556.109	4873.955	824.610	-3604.189	4882.449	776.117	-3615.558	4875.647	732.066	-3642.169	4885.281	750.187	-3684.831	4901.048	807.939	-3679.366	4907.372	863.283	-3666.010	4906.636	924.259	-3657.339	4917.208	978.062	-3668.622	4936.192	1034.146	-3728.304	4983.304	1053.675	-3784.802	5041.096	1047.405	-3828.006	5102.366	1100.146	-3810.623	5159.034
18059	100.88268	789.502	-3504.519	4811.168	841.606	-3544.728	4836.691	826.581	-3593.094	4846.752	777.392	-3604.539	4839.391	733.217	-3630.332	4848.588	748.997	-3677.255	4865.018	806.984	-3669.656	4870.676	859.541	-3657.230	4866.612	924.036	-3651.715	4875.854	978.524	-3660.420	4894.456	1036.695	-3715.592	4941.712	1063.122	-3772.017	4996.845	1066.456	-3821.604	5053.466	1118.830	-3814.349	5111.706
18060	100.88827	788.193	-3493.413	4775.685	840.835	-3533.528	4799.631	828.419	-3581.945	4810.414	776.666	-3593.828	4802.653	734.301	-3618.569	4812.087	748.766	-3665.422	4826.818	805.708	-3660.641	4832.470	858.705	-3647.695	4828.458	923.218	-3641.074	4834.878	978.133	-3648.291	4852.211	1038.883	-3703.065	4900.339	1072.179	-3759.180	4952.333	1084.522	-3813.011	5002.593	1135.552	-3816.678	5061.302
18061	100.89385	786.238	-3483.457	4739.817	839.352	-3521.274	4762.471	830.477	-3570.336	4773.856	778.418	-3582.595	4766.438	735.665	-3606.485	4775.847	747.848	-3651.865	4789.274	805.160	-3650.160	4795.246	857.833	-3638.042	4789.809	924.117	-3627.633	4798.280	978.169	-3641.097	4810.572	1041.071	-3690.898	4858.464	1080.536	-3745.921	4907.125	1100.775	-3802.882	4951.510	1150.379	-3825.883	5010.108
18062	100.89944	784.730	-3472.474	4704.073	838.012	-3509.577	4725.344	832.507	-3558.382	4736.938	780.612	-3570.811	4730.346	737.047	-3594.497	4739.883	747.281	-3640.803	4751.937	805.050	-3642.328	4757.703	856.937	-3628.388	4752.796	921.884	-3618.514	4755.837	977.482	-3628.036	4769.165	1043.222	-3678.814	4816.416	1088.447	-3732.792	4861.533	1115.342	-3790.849	4900.142	1160.614	-3827.860	4956.791
18063	100.90503	783.284	-3460.996	4668.540	836.376	-3497.422	4688.133	834.768	-3546.313	4699.798	782.756	-3559.575	4694.079	738.575	-3582.235	4703.924	747.067	-3631.908	4714.622	803.467	-3631.187	4719.016	856.155	-3618.885	4711.895	922.952	-3608.715	4716.797	978.036	-3620.998	4726.687	1045.170	-3667.271	4773.937	1095.743	-3719.681	4815.340	1128.080	-3777.349	4849.489	1168.858	-3825.643	4901.300
18064	100.91061	781.609	-3449.549	4632.841	834.981	-3485.702	4650.886	837.264	-3533.208	4664.448	785.314	-3548.169	4658.049	740.309	-3569.878	4667.912	746.433	-3618.290	4677.059	803.293	-3623.275	4680.446	855.137	-3609.223	4672.532	920.618	-3599.681	4674.935	977.427	-3610.927	4686.001	1047.335	-3655.487	4731.136	1102.648	-3705.969	4768.472	1140.617	-3763.030	4797.674	1177.994	-3819.440	4843.882
18065	100.91620	780.012	-3437.715	4596.922	833.050	-3473.360	4613.616	841.126	-3522.348	4625.573	787.788	-3535.510	4623.082	742.097	-3557.631	4632.079	746.493	-3606.175	4639.886	801.892	-3613.967	4640.841	854.834	-3598.326	4633.032	919.746	-3589.862	4634.941	976.629	-3600.816	4645.451	1049.395	-3644.152	4687.705	1109.197	-3692.052	4721.433	1151.384	-3747.720	4746.699	1186.870	-3809.997	4786.417
18066	100.92179	778.283	-3426.241	4561.317	830.471	-3459.820	4577.487	843.860	-3509.840	4587.676	792.125	-3525.160	4586.737	746.137	-3547.418	4596.135	746.185	-3594.254	4602.281	801.188	-3603.879	4602.018	853.857	-3588.775	4593.379	918.819	-3579.993	4595.260	975.743	-3590.366	4604.707	1051.457	-3632.559	4643.987	1115.171	-3678.069	4673.860	1161.249	-3731.687	4696.013	1195.395	-3798.126	4729.843
18067	100.92737	776.583	-3414.729	4525.876	829.423	-3448.970	4539.185	845.960	-3496.685	4549.705	795.188	-3513.551	4550.573	747.584	-3535.624	4559.299	745.544	-3583.155	4563.737	800.104	-3593.794	4562.245	853.288	-3579.344	4555.674	917.877	-3570.027	4555.542	974.970	-3580.085	4563.999	1052.706	-3621.722	4600.547	1120.452	-3663.645	4626.157	1170.235	-3714.964	4645.194	1203.613	-3783.752	4674.090
18068	100.93296	774.659	-3403.128	4490.116	827.694	-3437.078	4502.197	848.073	-3483.194	4511.461	798.169	-3502.028	4514.105	750.095	-3523.099	4523.260	745.592	-3571.055	4525.988	798.967	-3583.769	4522.747	852.436	-3569.834	4516.200	917.036	-3560.101	4516.050	973.987	-3569.469	4523.315	1055.933	-3609.664	4554.936	1125.071	-3649.224	4578.147	1178.523	-3698.390	4594.709	1212.210	-3767.983	4620.057
18069	100.93855	773.012	-3391.459	4454.818	825.800	-3424.994	4465.256	850.070	-3469.694	4473.134	801.403	-3490.527	4477.670	752.737	-3510.618	4487.044	745.889	-3559.022	4488.170	798.004	-3573.626	4482.955	852.021	-3560.884	4475.786	916.180	-3550.235	4476.648	973.426	-3559.023	4482.854	1057.338	-3597.800	4510.633	1128.969	-3634.836	4530.116	1185.928	-3680.781	4543.949	1221.431	-3750.424	4567.526
18070	100.94413	771.395	-3379.860	4419.628	823.970	-3413.187	4428.561	851.827	-3456.111	4434.913	804.522	-3478.697	4440.727	755.564	-3498.234	4450.345	746.331	-3546.696	4450.300	796.959	-3563.221	4443.284	851.406	-3551.647	4436.389	914.950	-3539.660	4438.363	972.633	-3548.105	4442.069	1058.439	-3585.992	4466.057	1132.217	-3620.354	4482.059	1192.539	-3662.970	4493.214	1231.048	-3731.580	4516.074
18071	100.94972	769.821	-3368.145	4384.333	822.384	-3401.289	4392.399	853.449	-3442.228	4396.497	807.975	-3467.130	4403.571	758.439	-3485.810	4413.329	746.937	-3534.175	4412.673	796.103	-3552.749	4403.681	850.656	-3542.131	4396.764	914.684	-3530.644	4397.859	972.036	-3537.199	4401.578	1059.403	-3574.247	4421.621	1135.432	-3606.073	4433.972	1198.410	-3644.893	4442.617	1240.665	-3711.853	4466.527
18072	100.95531	768.480	-3356.438	4349.025	820.710	-3389.503	4356.197	854.903	-3428.305	4358.275	811.420	-3455.524	4366.003	761.672	-3473.802	4375.797	747.717	-3521.573	4374.949	795.343	-3542.132	4364.505	850.110	-3532.967	4357.048	913.946	-3520.653	4358.333	972.339	-3524.618	4362.405	1060.168	-3562.193	4377.092	1139.152	-3590.035	4388.229	1203.419	-3626.973	4392.240	1250.806	-3690.113	4416.887
18073	100.96089	767.166	-3344.816	4313.963	819.259	-3377.754	4320.206	856.138	-3414.007	4320.045	814.900	-3443.838	4328.277	764.796	-3461.606	4337.649	747.685	-3509.751	4336.226	794.747	-3531.433	4325.354	849.507	-3523.411	4317.236	912.941	-3510.396	4319.989	971.797	-3513.856	4322.045	1060.774	-3550.313	4332.500	1141.026	-3575.448	4340.258	1207.600	-3608.946	4341.636	1261.168	-3667.216	4367.061
18074	100.96648	766.099	-3333.283	4278.846	817.812	-3365.952	4284.247	857.613	-3399.217	4281.963	818.546	-3432.134	4290.399	768.159	-3449.588	4299.260	749.573	-3496.279	4299.595	794.131	-3520.653	4286.320	849.018	-3513.765	4277.342	912.921	-3501.663	4278.904	971.380	-3503.512	4281.406	1061.246	-3538.237	4287.946	1142.636	-3561.102	4292.355	1211.337	-3592.352	4292.351	1271.419	-3642.802	4317.537
18075	100.97207	765.121	-3321.559	4243.730	816.550	-3354.051	4248.331	858.347	-3384.552	4243.904	822.040	-3420.016	4252.348	771.528	-3437.645	4260.486	749.719	-3484.125	4260.216	793.763	-3509.743	4247.757	848.401	-3503.925	4237.592	912.347	-3492.074	4238.723	970.917	-3493.147	4240.656	1061.559	-3526.003	4243.334	1143.831	-3546.602	4244.488	1216.198	-3572.590	4245.485	1280.852	-3616.801	4267.401
18076	100.97765	764.365	-3309.774	4208.608	815.332	-3342.597	4212.608	858.961	-3370.153	4205.584	825.472	-3407.840	4214.337	775.025	-3425.727	4221.429	750.965	-3471.048	4222.121	793.462	-3498.677	4209.380	848.039	-3494.391	4198.110	912.085	-3482.708	4198.606	970.559	-3483.151	4199.742	1062.093	-3513.814	4199.110	1144.808	-3532.126	4196.697	1218.292	-3554.696	4195.343	1289.171	-3589.179	4215.964
18077	100.98324	763.671	-3298.145	4173.378	814.825	-3331.163	4177.125	857.571	-3355.633	4165.163	829.073	-3395.437	4176.562	778.547	-3413.828	4182.495	752.115	-3457.894	4183.313	793.337	-3487.798	4170.916	847.199	-3484.760	4157.852	911.768	-3473.024	4158.173	970.434	-3473.194	4158.749	1063.568	-3500.239	4156.771	1145.656	-3517.995	4149.056	1219.937	-3536.745	4145.589	1294.991	-3561.601	4165.290
18078	100.98883	763.133	-3286.541	4137.946	813.668	-3319.303	4141.070	859.362	-3341.200	4128.938	832.564	-3382.865	4138.920	782.313	-3401.822	4143.500	753.552	-3444.602	4144.405	793.244	-3476.814	4132.813	847.011	-3474.691	4118.548	911.600	-3464.007	4117.591	970.209	-3463.351	4117.340	1064.115	-3488.027	4112.859	1146.427	-3503.507	4101.752	1220.991	-3518.840	4095.846	1298.869	-3534.516	4114.786
18079	100.99441	762.663	-3274.751	4102.478	812.642	-3307.448	4105.155	859.113	-3326.739	4090.513	836.179	-3370.270	4101.376	785.458	-3388.780	4104.535	755.303	-3431.632	4105.213	793.318	-3465.650	4094.328	846.839	-3464.904	4079.424	911.495	-3454.194	4076.840	970.054	-3453.527	4075.845	1064.467	-3475.859	4068.901	1146.828	-3489.091	4054.329	1221.560	-3500.943	4046.293	1301.384	-3507.362	4063.958
18080	101.00000	762.294	-3262.850	4066.405	811.531	-3295.695	4069.360	858.400	-3312.590	4051.790	839.817	-3357.593	4063.873	789.467	-3376.897	4065.603	757.061	-3418.284	4065.607	793.575	-3454.275	4056.231	846.761	-3455.025	4040.181	911.535	-3445.097	4036.463	969.985	-3443.985	4034.188	1064.941	-3463.758	4025.165	1146.634	-3475.010	4006.916	1221.741	-3482.970	3996.997	1301.686	-3481.302	4013.697
18081	101.00559	761.823	-3251.274	4030.289	810.518	-3284.316	4033.157	857.545	-3298.367	4013.141	843.498	-3344.748	4026.233	793.524	-3364.744	4026.888	759.065	-3405.038	4025.595	793.866	-3443.103	4017.738	848.193	-3444.038	4002.451	911.463	-3435.841	3995.688	970.028	-3434.289	3992.549	1065.107	-3451.821	3981.182	1146.563	-3460.734	3959.747	1220.324	-3463.155	3948.545	1300.474	-3456.103	3963.183
18082	101.01117	761.560	-3239.570	3993.850	809.254	-3273.007	3997.177	856.611	-3284.580	3974.561	845.735	-3329.187	3988.271	797.660	-3352.615	3988.110	761.398	-3391.614	3985.586	794.306	-3431.550	3979.362	848.176	-3434.129	3963.127	911.731	-3426.607	3955.234	970.026	-3424.812	3950.641	1065.746	-3439.789	3938.340	1145.963	-3446.485	3912.628	1219.742	-3445.602	3899.735	1298.434	-3431.177	3912.799
18083	101.01676	761.284	-3227.831	3956.888	808.095	-3261.596	3961.112	855.042	-3270.788	3935.747	849.137	-3315.630	3950.416	802.012	-3340.421	3949.593	766.356	-3379.434	3947.954	794.862	-3419.960	3940.670	847.128	-3424.495	3922.637	911.856	-3417.117	3914.195	970.126	-3415.313	3908.508	1065.260	-3428.116	3894.331	1145.353	-3431.932	3865.843	1218.784	-3427.991	3850.886	1295.945	-3408.841	3863.183
18084	101.02235	760.975	-3216.067	3919.654	806.936	-3250.597	3925.005	853.532	-3257.099	3897.328	853.137	-3302.026	3915.445	805.928	-3329.024	3911.885	767.177	-3364.767	3905.133	795.647	-3408.207	3902.123	847.325	-3414.141	3883.285	912.091	-3407.891	3873.322	970.267	-3405.922	3866.556	1065.653	-3416.699	3849.138	1144.682	-3417.704	3819.099	1217.371	-3410.709	3802.012	1293.244	-3386.765	3813.983
18085	101.02793	760.874	-3204.576	3882.548	805.462	-3239.479	3888.635	851.745	-3243.844	3858.927	855.126	-3289.157	3871.472	810.621	-3317.525	3872.340	769.492	-3349.326	3864.570	796.461	-3396.145	3862.940	847.780	-3403.677	3843.952	912.369	-3398.567	3832.389	970.346	-3396.484	3824.320	1065.953	-3404.882	3805.768	1142.462	-3403.375	3772.837	1215.858	-3393.289	3753.813	1290.457	-3366.552	3764.481
18086	101.03352	760.683	-3192.943	3845.194	804.252	-3228.397	3852.584	849.915	-3230.504	3820.843	858.281	-3274.621	3832.791	815.153	-3304.791	3833.630	772.356	-3336.500	3825.182	797.442	-3383.889	3823.825	848.306	-3393.199	3804.572	912.619	-3389.067	3791.339	970.587	-3387.251	3782.016	1066.004	-3393.196	3761.648	1141.346	-3389.172	3726.347	1214.026	-3376.078	3706.020	1287.759	-3347.637	3715.438
18087	101.03911	760.444	-3180.933	3807.351	802.984	-3217.615	3816.060	848.077	-3217.239	3782.906	861.402	-3259.829	3793.982	821.178	-3291.730	3794.608	776.212	-3322.746	3785.044	798.603	-3371.605	3784.501	848.950	-3382.355	3765.150	912.914	-3379.797	3750.440	970.700	-3377.960	3739.845	1065.389	-3381.956	3717.360	1140.034	-3375.042	3680.024	1212.047	-3359.060	3658.434	1285.211	-3329.273	3667.153
18088	101.04469	761.453	-3167.999	3772.359	801.819	-3206.929	3779.641	846.028	-3204.497	3744.971	864.502	-3245.059	3755.241	824.905	-3279.348	3756.046	780.378	-3309.208	3744.876	799.873	-3359.147	3744.841	851.269	-3370.903	3727.048	913.506	-3370.276	3709.606	970.851	-3368.577	3697.466	1065.498	-3370.614	3672.780	1139.645	-3360.521	3633.583	1209.634	-3342.295	3610.856	1283.089	-3312.374	3618.871
18089	101.05028	761.121	-3156.646	3734.556	789.589	-3203.594	3731.459	844.386	-3191.582	3707.450	867.466	-3229.999	3716.051	829.968	-3266.289	3717.110	784.626	-3295.430	3704.734	801.280	-3346.422	3705.047	850.487	-3360.681	3685.738	914.065	-3360.531	3668.588	970.944	-3359.232	3655.142	1065.012	-3359.228	3628.430	1137.682	-3346.681	3587.475	1207.210	-3325.619	3563.744	1278.956	-3297.555	3574.067
18090	101.05587	760.820	-3144.989	3696.563	799.237	-3185.604	3705.681	843.141	-3178.477	3670.120	870.262	-3215.158	3676.878	835.462	-3253.012	3678.207	789.267	-3281.802	3664.841	802.839	-3333.629	3665.036	851.556	-3349.821	3645.821	914.732	-3350.822	3627.583	971.323	-3349.930	3612.709	1064.511	-3348.277	3583.866	1134.927	-3332.508	3541.754	1204.326	-3309.472	3516.585	1279.306	-3280.841	3523.165
18091	101.06145	760.606	-3133.476	3658.495	797.859	-3174.921	3668.323	841.697	-3166.575	3632.427	873.051	-3202.420	3641.828	840.989	-3239.366	3638.926	793.970	-3268.179	3625.098	804.657	-3320.811	3624.892	852.564	-3338.643	3605.582	915.407	-3340.812	3586.365	971.654	-3340.460	3570.365	1064.261	-3337.430	3539.134	1133.082	-3318.507	3495.590	1201.582	-3293.191	3470.047	1277.482	-3265.657	3476.269
18092	101.06704	759.227	-3123.184	3617.621	796.598	-3164.470	3630.607	840.696	-3154.180	3594.832	878.328	-3187.153	3602.469	845.554	-3225.895	3600.198	798.866	-3254.541	3585.413	806.873	-3307.813	3584.689	853.681	-3327.429	3565.249	916.260	-3330.817	3545.070	972.148	-3330.798	3528.012	1063.919	-3326.286	3494.527	1131.340	-3304.813	3449.522	1197.434	-3277.468	3424.255	1273.379	-3253.972	3431.784
18093	101.07263	759.243	-3112.015	3579.202	795.691	-3153.681	3593.476	839.448	-3142.153	3557.045	879.836	-3171.269	3562.637	849.436	-3212.481	3561.130	804.041	-3241.018	3545.707	807.909	-3296.269	3542.259	855.105	-3316.245	3524.966	917.262	-3320.608	3503.760	972.579	-3321.139	3485.284	1063.278	-3315.098	3449.912	1129.022	-3290.779	3403.845	1195.344	-3261.592	3377.227	1271.754	-3240.971	3384.950
18094	101.07821	759.335	-3100.615	3540.520	794.830	-3143.335	3555.617	838.550	-3130.287	3519.275	877.656	-3153.414	3522.867	854.420	-3198.818	3521.919	807.911	-3228.571	3507.477	810.534	-3283.045	3501.958	856.312	-3304.882	3484.240	918.113	-3310.502	3462.105	973.008	-3311.471	3442.556	1062.653	-3304.168	3405.227	1126.169	-3276.975	3358.285	1192.287	-3246.128	3331.488	1269.452	-3228.213	3338.856
18095	101.08380	759.414	-3089.413	3501.412	794.295	-3132.559	3518.456	837.560	-3118.763	3481.255	878.508	-3138.022	3482.557	860.080	-3183.637	3481.861	813.554	-3214.997	3467.577	812.871	-3269.286	3461.127	857.763	-3293.507	3443.720	919.045	-3300.019	3420.528	973.535	-3301.717	3399.782	1061.927	-3293.216	3360.582	1124.192	-3263.232	3312.662	1189.244	-3231.077	3286.033	1269.801	-3215.281	3289.123
18096	101.08939	759.796	-3078.160	3462.137	793.363	-3122.219	3480.234	836.844	-3107.536	3443.173	878.873	-3122.964	3442.317	864.919	-3169.143	3442.257	819.086	-3201.619	3427.688	816.112	-3255.655	3420.916	859.325	-3281.965	3403.157	920.278	-3289.341	3378.997	974.143	-3291.637	3357.010	1060.867	-3282.440	3315.928	1121.741	-3250.155	3267.294	1185.935	-3216.515	3240.341	1267.545	-3204.034	3243.037
18097	101.09497	760.261	-3067.081	3422.644	793.089	-3111.475	3443.139	835.872	-3096.313	3404.940	880.028	-3109.248	3398.143	869.614	-3154.184	3402.593	824.755	-3187.976	3387.438	819.011	-3241.917	3380.118	861.040	-3270.458	3362.316	921.263	-3278.834	3336.999	974.566	-3281.358	3314.057	1060.384	-3271.731	3270.969	1118.835	-3236.980	3221.945	1182.727	-3202.393	3194.844	1265.199	-3193.054	3196.296
18098	101.10056	760.913	-3055.934	3382.865	792.504	-3101.177	3404.952	835.132	-3085.493	3366.314	877.633	-3093.037	3360.872	874.619	-3139.753	3363.064	830.525	-3174.317	3347.347	822.432	-3228.329	3339.339	862.694	-3258.641	3321.532	922.221	-3267.940	3295.152	975.022	-3271.287	3270.589	1059.511	-3260.963	3226.081	1116.377	-3223.558	3177.268	1179.556	-3188.445	3148.713	1262.000	-3183.029	3151.270
18099	101.10615	761.749	-3044.814	3342.914	792.172	-3090.663	3367.145	834.658	-3074.592	3328.029	879.768	-3080.161	3317.508	879.111	-3124.553	3323.218	836.214	-3160.808	3307.327	825.892	-3214.056	3298.453	864.697	-3246.668	3280.915	923.369	-3256.985	3253.218	975.360	-3260.474	3227.464	1058.840	-3250.169	3181.328	1114.087	-3211.015	3131.732	1176.538	-3174.505	3103.773	1259.920	-3171.677	3103.320
18100	101.11173	767.347	-3034.358	3308.984	791.652	-3080.149	3328.710	833.104	-3063.990	3288.011	879.243	-3065.762	3276.887	883.091	-3109.644	3283.472	841.769	-3147.213	3267.206	829.585	-3199.976	3257.454	866.506	-3234.630	3239.814	924.440	-3246.065	3211.042	975.721	-3250.027	3183.985	1058.292	-3239.385	3136.509	1111.958	-3197.959	3086.774	1173.695	-3161.006	3058.011	1256.323	-3161.801	3057.849
18101	101.11732	768.290	-3023.085	3268.635	795.992	-3067.927	3296.367	834.941	-3052.027	3251.167	885.600	-3050.156	3245.311	890.794	-3095.871	3246.937	853.850	-3133.822	3228.216	833.481	-3185.872	3216.341	868.806	-3222.518	3199.073	925.461	-3234.711	3168.756	975.930	-3239.101	3140.446	1057.203	-3228.967	3091.354	1110.233	-3185.594	3042.184	1171.085	-3147.725	3012.749	1254.151	-3150.569	3009.349
18102	101.12291	769.877	-3012.794	3225.780	795.586	-3057.356	3257.123	835.126	-3040.397	3214.139	884.168	-3036.819	3203.422	894.685	-3080.986	3206.025	859.492	-3120.214	3187.920	837.458	-3171.554	3175.036	870.916	-3210.154	3158.195	926.762	-3223.524	3126.827	976.361	-3228.380	3096.779	1056.592	-3218.079	3046.270	1111.515	-3171.980	3000.479	1172.212	-3135.447	2977.700	1250.793	-3140.865	2962.926
18103	101.12849	771.056	-3000.815	3186.159	790.605	-3048.875	3212.357	835.038	-3029.898	3175.126	883.531	-3023.068	3163.448	898.232	-3065.926	3165.344	860.032	-3106.302	3146.406	841.779	-3157.581	3133.555	873.276	-3197.870	3117.057	928.015	-3212.182	3084.556	976.588	-3217.185	3053.180	1058.584	-3206.171	3003.938	1109.659	-3159.871	2955.723	1171.219	-3124.787	2928.851	1249.000	-3129.910	2913.884
18104	101.13408	771.386	-2988.560	3145.211	793.626	-3037.423	3176.924	833.527	-3020.437	3134.959	881.389	-3010.263	3120.703	900.736	-3050.454	3121.358	868.796	-3092.583	3106.273	846.282	-3143.555	3092.268	875.664	-3185.271	3075.873	929.495	-3200.552	3042.348	977.006	-3206.019	3009.443	1056.230	-3196.157	2957.145	1106.767	-3148.504	2909.517	1167.050	-3110.507	2884.926	1246.405	-3119.404	2864.928
18105	101.13966	773.230	-2976.214	3105.361	793.343	-3027.042	3136.872	833.483	-3010.295	3095.640	880.130	-2998.013	3079.652	903.804	-3034.940	3079.578	874.281	-3078.740	3065.586	850.740	-3129.269	3050.795	878.233	-3172.804	3034.453	931.484	-3188.828	3000.721	977.526	-3194.656	2965.975	1055.071	-3185.599	2911.590	1105.167	-3136.874	2864.919	1166.519	-3100.865	2835.761	1243.832	-3110.861	2819.527
18106	101.14525	775.511	-2963.680	3066.051	792.531	-3017.087	3096.243	833.761	-2999.675	3056.451	879.140	-2985.958	3038.405	907.130	-3020.044	3037.471	879.802	-3065.151	3024.881	855.404	-3115.214	3009.405	880.782	-3160.057	2993.043	932.891	-3177.116	2958.098	978.083	-3183.002	2922.565	1054.066	-3174.933	2866.135	1103.781	-3125.385	2820.031	1161.031	-3086.668	2787.072	1240.931	-3100.351	2769.555
18107	101.15084	777.922	-2951.143	3026.396	792.189	-3006.623	3055.459	833.834	-2989.033	3017.158	878.473	-2974.313	2997.341	907.498	-3006.810	3000.197	885.651	-3051.367	2983.713	860.399	-3101.284	2967.856	883.255	-3147.454	2951.253	934.418	-3165.315	2915.919	978.434	-3171.424	2878.456	1052.900	-3164.280	2820.476	1102.865	-3113.984	2775.301	1163.573	-3078.472	2745.020	1238.546	-3090.822	2720.768
18108	101.15642	780.344	-2939.195	2985.836	791.878	-2996.564	3014.506	834.222	-2978.532	2977.758	878.004	-2962.625	2956.388	917.407	-2990.291	2957.223	891.482	-3038.140	2942.802	865.294	-3087.443	2926.430	885.707	-3134.855	2909.169	936.010	-3153.293	2873.128	978.984	-3159.459	2834.772	1052.016	-3153.372	2775.076	1102.016	-3102.869	2730.395	1161.249	-3067.457	2697.603	1236.571	-3081.789	2672.526
18109	101.16201	782.947	-2926.056	2946.529	791.915	-2985.740	2973.497	834.939	-2967.961	2938.357	877.702	-2951.190	2915.168	919.603	-2974.962	2914.687	897.100	-3024.260	2901.408	870.471	-3073.703	2884.865	888.508	-3122.043	2867.416	937.630	-3141.410	2830.732	979.329	-3147.496	2790.829	1051.007	-3142.575	2729.554	1101.247	-3091.766	2685.673	1160.391	-3056.340	2652.610	1234.384	-3072.601	2623.849
18110	101.16760	787.519	-2914.664	2905.964	792.009	-2974.810	2932.257	836.120	-2957.554	2898.962	877.458	-2939.777	2874.064	920.921	-2961.665	2870.191	902.574	-3010.455	2859.963	875.513	-3061.473	2848.640	891.416	-3109.112	2825.269	939.121	-3129.420	2787.865	979.811	-3135.649	2746.855	1049.977	-3131.587	2683.803	1100.684	-3080.957	2640.793	1160.028	-3046.290	2607.592	1232.330	-3062.359	2577.510
18111	101.17318	791.739	-2902.002	2865.666	792.016	-2963.664	2890.598	835.221	-2948.031	2856.958	877.332	-2928.513	2832.972	922.439	-2946.678	2827.357	908.159	-2996.575	2817.891	880.892	-3047.841	2806.915	894.303	-3096.334	2783.171	940.735	-3117.454	2745.025	980.388	-3123.372	2703.191	1048.555	-3120.779	2638.365	1100.957	-3069.785	2595.581	1158.718	-3032.750	2563.449	1230.716	-3054.153	2529.777
18112	101.17877	796.018	-2890.057	2824.498	792.067	-2951.997	2849.154	836.190	-2937.980	2817.335	876.381	-2917.748	2790.935	923.698	-2932.093	2784.186	915.561	-2983.498	2774.075	886.748	-3034.184	2765.156	897.449	-3083.188	2740.779	942.567	-3105.184	2702.297	980.677	-3111.162	2658.927	1047.604	-3109.472	2592.869	1099.960	-3059.390	2550.517	1158.577	-3022.907	2517.796	1229.303	-3045.887	2481.748
18113	101.18436	800.784	-2877.668	2783.816	792.368	-2940.093	2807.523	837.610	-2928.120	2777.451	876.687	-2907.226	2749.887	923.872	-2918.347	2739.904	920.217	-2969.335	2730.438	892.462	-3020.892	2722.831	900.774	-3070.401	2698.783	944.095	-3093.268	2659.109	981.075	-3099.331	2614.637	1045.416	-3098.777	2546.733	1098.508	-3046.700	2506.282	1158.772	-3013.411	2472.189	1227.957	-3037.490	2433.919
18114	101.18994	806.233	-2863.938	2746.479	792.744	-2927.853	2765.364	840.284	-2917.825	2738.708	876.922	-2896.644	2708.279	924.979	-2904.036	2696.776	924.115	-2957.995	2693.065	898.488	-3007.208	2680.599	904.240	-3057.042	2656.573	945.698	-3081.022	2615.839	981.819	-3086.819	2570.886	1045.248	-3087.068	2501.705	1098.684	-3037.037	2461.078	1159.239	-3004.474	2426.283	1227.254	-3029.966	2386.603
18115	101.19553	811.525	-2851.779	2704.738	793.344	-2915.018	2722.724	842.655	-2907.816	2700.068	877.572	-2886.643	2667.091	925.447	-2890.112	2653.537	929.078	-2943.276	2650.198	904.203	-2993.574	2638.010	906.559	-3043.510	2612.144	947.565	-3068.977	2572.662	982.219	-3074.872	2526.373	1043.608	-3072.503	2458.015	1100.166	-3026.454	2415.032	1160.060	-2995.160	2381.259	1226.664	-3022.425	2339.312
18116	101.20112	818.304	-2841.088	2659.032	791.057	-2904.644	2673.809	844.119	-2898.290	2660.014	878.445	-2877.570	2626.026	927.366	-2876.185	2611.103	933.990	-2928.389	2607.134	910.202	-2980.076	2595.359	910.345	-3026.831	2575.480	949.314	-3056.925	2529.139	982.526	-3062.541	2482.078	1042.113	-3061.180	2412.984	1100.690	-3016.154	2369.679	1160.860	-2987.221	2334.680	1226.212	-3015.347	2292.290
18117	101.20670	823.908	-2828.601	2616.273	794.610	-2890.238	2636.027	845.604	-2888.500	2619.158	879.283	-2868.067	2584.655	927.221	-2863.242	2567.195	938.879	-2913.479	2563.825	916.586	-2966.613	2552.342	919.103	-3012.702	2533.006	951.017	-3044.357	2485.587	982.723	-3050.525	2437.198	1041.721	-3049.169	2367.078	1101.529	-3006.443	2325.304	1161.555	-2978.985	2288.585	1225.863	-3008.383	2244.358
18118	101.21229	829.451	-2815.972	2573.792	795.957	-2877.052	2593.023	849.203	-2878.388	2580.567	880.221	-2858.835	2543.464	927.308	-2850.958	2523.371	944.361	-2898.551	2520.414	927.235	-2952.933	2509.547	923.336	-2999.411	2490.228	952.743	-3032.342	2441.822	982.628	-3035.652	2391.966	1040.070	-3037.010	2320.260	1102.099	-2996.504	2279.721	1162.668	-2971.334	2242.244	1225.926	-3002.087	2197.373
18119	101.21788	834.406	-2803.370	2530.724	797.945	-2863.333	2549.807	849.076	-2868.325	2539.438	882.213	-2848.741	2502.948	925.945	-2838.979	2479.144	952.563	-2883.708	2476.528	933.889	-2939.311	2466.577	927.565	-2986.170	2447.204	954.917	-3019.604	2398.467	983.225	-3023.373	2347.419	1040.925	-3025.590	2275.711	1102.014	-2986.532	2235.084	1163.719	-2963.618	2196.143	1226.383	-2993.380	2138.562
18120	101.22346	839.901	-2791.123	2487.738	800.052	-2849.401	2506.452	850.467	-2857.894	2498.616	881.344	-2838.813	2460.651	927.276	-2827.720	2436.240	956.860	-2869.031	2432.217	940.422	-2925.771	2423.499	932.162	-2972.616	2404.116	NA	NA	NA	983.448	-3011.119	2302.055	1039.526	-3013.651	2231.125	1102.676	-2976.667	2189.468	1164.615	-2956.538	2149.508	1226.280	-2987.488	2091.278
18121	101.22905	846.032	-2778.434	2444.819	802.835	-2835.567	2463.159	852.235	-2847.389	2457.892	883.074	-2829.500	2419.265	925.293	-2816.379	2391.718	956.978	-2854.372	2387.883	942.887	-2912.268	2380.401	927.794	-2959.913	2361.104	NA	NA	NA	983.954	-2998.395	2257.325	1039.231	-3001.455	2185.371	1103.638	-2967.473	2143.647	1165.731	-2949.874	2102.554	1226.188	-2981.792	2043.212
18122	101.23464	852.060	-2765.609	2401.591	805.922	-2821.010	2419.652	852.409	-2837.875	2415.542	884.043	-2819.683	2377.666	926.777	-2805.278	2350.153	960.449	-2839.982	2343.012	951.123	-2898.434	2336.691	932.752	-2946.569	2317.566	NA	NA	NA	NA	NA	NA	1039.117	-2989.350	2139.620	1102.784	-2959.714	2096.825	1166.583	-2943.597	2055.967	1225.935	-2976.667	1995.812
18123	101.24022	858.502	-2752.912	2358.396	809.799	-2806.512	2375.909	854.130	-2826.792	2374.277	885.369	-2810.306	2335.575	924.801	-2794.431	2304.873	962.893	-2825.707	2297.939	958.961	-2885.055	2292.432	938.734	-2933.182	2273.841	NA	NA	NA	NA	NA	NA	1038.765	-2977.137	2094.238	1103.257	-2949.672	2050.125	1167.489	-2936.950	2010.008	1225.522	-2972.018	1947.843
18124	101.24581	864.739	-2739.915	2314.924	814.097	-2791.747	2332.073	856.063	-2815.667	2332.711	885.053	-2802.232	2296.391	926.484	-2784.317	2262.134	965.349	-2813.057	2249.315	964.321	-2871.332	2248.035	944.303	-2919.767	2229.964	NA	NA	NA	NA	NA	NA	1038.249	-2965.382	2048.004	1104.479	-2940.293	2004.862	1168.212	-2931.105	1963.036	1224.490	-2967.093	1899.493
18125	101.25140	870.325	-2726.051	2273.881	818.738	-2777.529	2287.799	856.854	-2801.798	2291.856	887.975	-2787.615	2252.229	926.825	-2774.296	2218.500	967.973	-2799.842	2203.974	970.709	-2857.424	2203.216	950.469	-2906.489	2185.818	NA	NA	NA	NA	NA	NA	1038.218	-2952.840	2002.800	1107.472	-2930.612	1959.949	1168.854	-2925.630	1916.289	1223.190	-2963.009	1851.434
18126	101.25698	876.982	-2713.470	2229.655	823.014	-2760.561	2244.931	858.662	-2790.798	2249.675	890.208	-2778.092	2210.241	926.411	-2763.948	2174.166	970.262	-2786.723	2158.119	977.111	-2843.489	2157.897	956.493	-2893.118	2141.324	NA	NA	NA	NA	NA	NA	1038.146	-2940.690	1957.300	1106.743	-2921.672	1914.218	1169.532	-2920.199	1870.246	1221.351	-2959.096	1802.656
18127	101.26257	883.529	-2700.591	2186.053	829.530	-2745.039	2203.559	860.477	-2779.442	2207.295	891.594	-2768.583	2168.019	927.774	-2754.809	2131.076	972.405	-2773.836	2112.440	983.077	-2829.308	2112.270	962.664	-2879.701	2096.490	NA	NA	NA	NA	NA	NA	1038.354	-2928.833	1912.119	1107.457	-2913.263	1868.331	1169.313	-2914.899	1822.001	1219.213	-2955.704	1754.233
18128	101.26816	890.982	-2687.555	2142.507	835.318	-2731.081	2158.328	861.757	-2767.757	2164.390	892.908	-2762.288	2124.683	929.274	-2748.619	2089.546	974.764	-2757.701	2071.583	988.786	-2815.129	2066.393	968.860	-2866.217	2051.265	NA	NA	NA	NA	NA	NA	1038.634	-2916.939	1866.341	1108.434	-2905.008	1822.199	1169.187	-2909.600	1775.710	1216.672	-2952.277	1705.812
18129	101.27374	899.437	-2673.359	2100.072	842.129	-2716.859	2112.892	862.571	-2755.437	2118.562	895.348	-2749.964	2082.516	929.170	-2739.143	2046.146	978.045	-2744.561	2026.379	994.245	-2800.865	2020.178	968.854	-2853.183	2005.632	NA	NA	NA	NA	NA	NA	1039.151	-2904.829	1820.876	1109.256	-2897.542	1777.231	1169.124	-2905.011	1729.220	1213.770	-2949.170	1657.644
18130	101.27933	904.776	-2661.326	2051.919	849.018	-2702.943	2067.413	863.792	-2743.538	2075.022	898.675	-2739.921	2040.326	928.645	-2729.587	2002.523	979.427	-2732.191	1980.945	998.857	-2786.474	1973.733	975.139	-2839.565	1959.699	NA	NA	NA	NA	NA	NA	1039.783	-2893.319	1775.115	1109.958	-2889.409	1730.593	1168.373	-2900.262	1681.682	1210.433	-2946.047	1609.604
18131	101.28492	914.560	-2648.434	2011.818	855.924	-2689.365	2022.123	864.917	-2730.780	2030.603	902.154	-2730.090	1997.957	930.236	-2719.911	1959.119	981.055	-2719.673	1935.584	1002.470	-2772.067	1927.240	983.057	-2825.717	1913.706	961.984	-2866.605	1869.708	NA	NA	NA	1040.516	-2881.272	1729.675	1110.770	-2881.534	1684.836	NA	NA	NA	1206.664	-2943.477	1562.027
18132	101.29050	920.248	-2636.434	1964.203	863.422	-2675.673	1976.691	866.220	-2718.082	1985.834	906.312	-2722.094	1960.217	932.182	-2710.057	1915.868	982.684	-2707.621	1890.400	1008.372	-2757.396	1880.692	992.077	-2811.680	1867.542	966.618	-2853.687	1824.547	NA	NA	NA	1041.493	-2869.859	1684.255	1111.397	-2873.943	1638.964	NA	NA	NA	1202.710	-2940.782	1514.446
18133	101.29609	928.169	-2623.918	1919.637	868.627	-2661.340	1926.023	867.834	-2703.872	1945.127	912.523	-2711.526	1918.342	934.338	-2700.038	1872.754	984.290	-2695.847	1845.206	1012.719	-2742.903	1833.873	998.417	-2797.957	1820.955	971.561	-2840.845	1779.214	NA	NA	NA	1042.498	-2858.122	1638.788	1112.137	-2866.289	1592.844	NA	NA	NA	1198.020	-2938.135	1467.745
18134	101.30168	936.047	-2611.864	1875.367	876.255	-2648.201	1879.609	872.135	-2690.055	1899.319	915.673	-2700.811	1875.980	937.518	-2689.818	1829.696	985.772	-2684.281	1800.108	1016.773	-2728.436	1786.981	1002.732	-2784.108	1774.074	976.554	-2827.819	1733.595	NA	NA	NA	1043.721	-2846.913	1592.985	1112.659	-2858.443	1547.161	NA	NA	NA	1193.225	-2935.820	1420.861
18135	101.30726	944.766	-2600.775	1831.364	884.256	-2635.304	1833.385	874.147	-2676.639	1852.958	918.350	-2690.314	1833.210	940.349	-2679.497	1786.651	987.445	-2673.055	1755.100	1020.467	-2714.000	1739.965	1009.440	-2770.215	1727.044	983.479	-2814.621	1687.944	NA	NA	NA	1044.935	-2835.681	1547.175	1113.675	-2851.650	1498.790	NA	NA	NA	1187.600	-2933.265	1374.349
18136	101.31285	952.421	-2588.814	1788.948	892.666	-2622.870	1788.156	876.744	-2663.137	1806.358	919.102	-2679.642	1790.148	943.304	-2669.087	1743.634	989.183	-2662.002	1710.185	1024.937	-2699.640	1692.985	1015.043	-2756.272	1679.811	NA	NA	NA	NA	NA	NA	1046.294	-2824.836	1501.811	1112.392	-2843.172	1456.415	NA	NA	NA	1181.710	-2931.234	1328.314
18137	101.31844	960.389	-2576.889	1744.437	901.096	-2610.596	1742.622	879.193	-2649.652	1759.682	921.409	-2668.716	1746.874	946.572	-2658.567	1700.524	989.808	-2650.860	1665.124	1028.980	-2685.260	1645.850	1020.949	-2742.105	1632.526	NA	NA	NA	NA	NA	NA	1046.862	-2814.205	1454.467	1113.946	-2836.706	1406.362	NA	NA	NA	1175.387	-2928.939	1281.298
18138	101.32402	968.285	-2566.812	1699.461	909.138	-2597.822	1695.029	882.844	-2635.719	1712.677	925.512	-2657.269	1703.478	949.405	-2648.294	1657.366	991.621	-2639.931	1620.093	1032.030	-2671.093	1598.521	1026.024	-2728.181	1584.871	1000.897	-2774.717	1549.708	NA	NA	NA	1048.366	-2804.157	1408.531	1112.730	-2829.746	1364.367	NA	NA	NA	1168.638	-2926.595	1235.224
18139	101.32961	976.833	-2556.212	1652.964	917.847	-2588.464	1655.229	887.089	-2621.669	1665.537	927.816	-2645.555	1659.545	952.819	-2638.030	1614.024	993.402	-2628.857	1575.055	1034.901	-2657.052	1551.192	1031.568	-2713.974	1537.294	1006.474	-2761.526	1503.321	989.628	-2777.333	1449.451	1049.830	-2794.277	1362.346	1113.130	-2823.236	1318.076	NA	NA	NA	1161.330	-2923.502	1189.913
18140	101.33520	984.811	-2545.154	1607.049	928.250	-2578.230	1610.135	892.131	-2605.336	1619.495	930.572	-2633.655	1615.244	956.907	-2627.973	1570.677	995.380	-2617.930	1530.091	1037.236	-2643.125	1503.830	1036.978	-2699.653	1489.479	1013.175	-2747.979	1456.854	993.479	-2764.887	1403.522	1051.207	-2784.674	1316.001	1113.037	-2816.313	1271.820	NA	NA	NA	1154.177	-2920.393	1144.319
18141	101.34078	992.589	-2533.962	1561.904	937.252	-2568.461	1566.334	895.920	-2592.430	1570.079	932.849	-2621.623	1570.423	963.752	-2617.914	1527.616	997.639	-2607.162	1485.137	1039.831	-2629.407	1456.573	1043.174	-2685.165	1441.746	NA	NA	NA	996.687	-2752.703	1357.649	1052.482	-2775.438	1269.935	NA	NA	NA	NA	NA	NA	1146.575	-2917.160	1098.304
18142	101.34637	1000.201	-2522.710	1518.481	943.010	-2555.795	1520.167	901.692	-2577.370	1521.428	930.947	-2609.742	1524.479	966.339	-2608.051	1483.743	999.656	-2596.636	1440.131	1042.035	-2615.869	1409.365	1047.974	-2670.648	1393.715	NA	NA	NA	1000.339	-2739.624	1310.914	1053.855	-2766.357	1223.780	NA	NA	NA	NA	NA	NA	1138.897	-2913.823	1054.260
18143	101.35196	1008.492	-2511.538	1472.986	954.291	-2546.679	1474.628	907.953	-2562.320	1472.519	932.486	-2596.912	1478.551	969.987	-2598.060	1439.871	1001.682	-2586.302	1395.093	1046.345	-2602.246	1362.516	1052.589	-2656.005	1345.550	NA	NA	NA	1005.088	-2727.210	1264.858	1055.230	-2757.816	1178.032	NA	NA	NA	NA	NA	NA	1131.266	-2909.704	1008.867
18144	101.35754	1016.838	-2500.603	1427.076	963.461	-2535.018	1428.390	914.968	-2547.794	1422.980	936.823	-2583.887	1432.249	973.587	-2588.089	1395.832	1004.110	-2576.091	1350.112	1048.418	-2589.103	1315.581	1059.877	-2640.908	1297.669	NA	NA	NA	1009.401	-2714.887	1218.599	1056.351	-2749.316	1132.133	NA	NA	NA	NA	NA	NA	1123.504	-2905.411	964.010
18145	101.36313	1025.386	-2489.567	1381.244	972.183	-2523.318	1381.008	919.216	-2533.003	1375.072	941.042	-2570.167	1385.237	NA	NA	NA	1006.449	-2565.988	1305.044	1050.335	-2576.123	1268.720	1064.227	-2626.000	1249.278	NA	NA	NA	1014.656	-2702.665	1172.464	1057.434	-2740.813	1085.816	NA	NA	NA	NA	NA	NA	1116.003	-2900.915	918.956
18146	101.36872	1033.774	-2479.244	1335.216	980.793	-2512.359	1334.809	930.109	-2518.784	1323.913	943.078	-2556.600	1337.984	982.888	-2567.618	1307.573	1008.291	-2555.962	1259.733	1051.964	-2563.331	1221.942	1068.412	-2611.044	1200.787	NA	NA	NA	1019.677	-2690.668	1126.101	1058.301	-2732.416	1039.925	1108.535	-2779.243	991.263	NA	NA	NA	1108.803	-2896.318	873.800
18147	101.37430	1041.895	-2468.544	1289.530	986.901	-2501.979	1289.660	938.664	-2504.625	1274.614	945.506	-2542.622	1290.188	986.203	-2557.208	1262.980	1009.595	-2546.136	1214.244	1053.691	-2550.785	1175.194	1072.438	-2595.941	1152.214	1050.465	-2653.230	1126.157	1025.656	-2678.656	1080.024	1058.609	-2719.287	971.153	1106.746	-2772.145	944.952	NA	NA	NA	1101.835	-2891.112	829.311
18148	101.37989	1050.816	-2456.962	1242.921	987.249	-2487.402	1249.196	947.572	-2491.025	1224.999	944.397	-2528.918	1241.280	989.963	-2546.545	1218.347	1012.628	-2536.238	1168.995	1055.211	-2538.644	1128.564	1076.262	-2580.824	1103.551	1057.230	-2639.376	1078.355	1031.489	-2666.930	1033.700	NA	NA	NA	1104.561	-2765.447	898.219	1107.481	-2818.611	849.632	1095.195	-2886.078	785.528
18149	101.38547	1059.288	-2446.450	1196.438	1002.313	-2478.939	1197.907	957.246	-2478.206	1174.559	947.147	-2514.793	1192.568	990.942	-2535.637	1172.842	1015.936	-2526.466	1123.733	1056.883	-2526.721	1081.816	1079.090	-2565.708	1054.546	1063.220	-2625.421	1030.115	1037.012	-2655.356	987.328	1060.640	-2702.884	879.417	1100.287	-2756.955	852.179	1102.137	-2813.566	804.230	1088.938	-2881.831	742.314
18150	101.39106	1068.293	-2435.477	1149.560	1008.689	-2466.791	1152.689	963.610	-2463.528	1126.537	953.857	-2506.041	1142.853	996.949	-2524.444	1128.391	1018.707	-2516.622	1078.344	1058.496	-2515.094	1035.197	1082.437	-2550.770	1005.643	NA	NA	NA	1045.557	-2643.775	941.715	1061.924	-2694.271	831.830	1099.963	-2751.783	804.527	1098.811	-2806.996	758.439	1083.202	-2876.961	698.930
18151	101.39665	1076.981	-2424.360	1102.736	1015.734	-2454.184	1107.940	974.524	-2449.989	1076.789	955.760	-2490.879	1089.167	1000.365	-2513.170	1082.986	1022.400	-2506.808	1032.991	1060.335	-2503.922	988.547	1085.554	-2535.864	956.652	NA	NA	NA	1052.185	-2632.589	895.482	NA	NA	NA	1097.147	-2743.705	758.343	1092.765	-2801.961	714.090	1078.011	-2871.199	654.284
18152	101.40223	1085.242	-2412.719	1055.831	1033.914	-2447.232	1053.914	982.554	-2435.938	1030.292	960.439	-2475.429	1038.464	1003.237	-2501.622	1037.125	1026.185	-2496.984	987.720	1061.996	-2492.856	941.860	1090.387	-2521.053	907.946	NA	NA	NA	1058.913	-2621.342	849.282	NA	NA	NA	1093.636	-2735.966	711.755	1080.572	-2791.079	675.825	1073.539	-2866.744	611.178
18153	101.40782	1093.438	-2401.132	1008.917	1033.447	-2432.339	1013.422	993.208	-2423.851	979.054	965.545	-2460.320	987.296	1004.650	-2489.761	990.306	1029.725	-2487.234	942.168	1064.737	-2482.337	895.263	1093.050	-2506.805	858.831	NA	NA	NA	1066.405	-2610.461	803.091	NA	NA	NA	1089.974	-2728.296	665.789	1087.479	-2788.361	623.010	1069.766	-2861.746	568.765
18154	101.41341	1101.477	-2389.406	961.555	1047.862	-2424.709	961.791	995.899	-2409.151	935.116	971.118	-2444.892	935.967	1008.412	-2477.578	943.565	1033.355	-2477.487	896.435	1067.329	-2471.802	848.484	1094.965	-2492.989	809.465	NA	NA	NA	1074.201	-2599.359	756.861	NA	NA	NA	1085.928	-2719.720	619.971	1082.786	-2781.215	578.820	NA	NA	NA
18155	101.41899	1109.532	-2376.840	913.865	1065.601	-2415.252	908.711	1011.721	-2400.293	883.281	977.608	-2429.469	884.405	1009.065	-2464.958	895.400	1038.148	-2467.722	850.790	NA	NA	NA	1100.390	-2479.624	761.322	NA	NA	NA	1081.763	-2588.431	710.398	1070.679	-2649.026	603.303	1081.568	-2710.886	574.981	1077.607	-2773.468	535.422	NA	NA	NA
18156	101.42458	1119.012	-2365.284	860.742	1072.412	-2403.777	862.978	1021.163	-2387.982	834.926	984.518	-2414.494	832.642	1010.826	-2452.182	846.906	1041.998	-2457.872	804.650	NA	NA	NA	1101.956	-2466.884	712.218	NA	NA	NA	1090.082	-2577.308	663.729	1073.459	-2639.082	558.821	1077.292	-2701.791	530.734	1072.491	-2765.027	492.058	NA	NA	NA
18157	101.43017	1125.157	-2352.094	817.532	1076.827	-2391.159	819.319	1032.523	-2377.285	785.610	992.524	-2399.754	780.537	1013.466	-2438.781	798.157	1046.183	-2447.838	758.323	NA	NA	NA	1103.913	-2454.779	663.342	NA	NA	NA	1097.744	-2566.065	616.556	1076.835	-2629.309	516.357	1072.850	-2693.027	487.348	1066.964	-2757.205	449.146	NA	NA	NA
18158	101.43575	1132.721	-2339.240	768.861	1089.480	-2381.623	769.454	1044.342	-2366.360	734.725	1001.074	-2385.326	728.554	1017.628	-2425.467	749.429	1048.226	-2437.763	711.116	NA	NA	NA	1106.059	-2443.255	614.799	NA	NA	NA	1105.879	-2554.448	569.101	1080.702	-2620.539	473.674	1069.110	-2683.410	444.793	1061.235	-2746.841	407.407	NA	NA	NA
18159	101.44134	1141.383	-2327.144	717.723	1097.896	-2370.508	721.937	1054.239	-2354.188	686.203	1006.277	-2368.538	684.665	1018.775	-2411.834	699.307	1052.186	-2427.489	664.220	NA	NA	NA	1107.822	-2431.956	566.119	NA	NA	NA	1113.394	-2542.661	520.954	1085.198	-2610.007	431.041	1065.782	-2672.688	403.321	1055.278	-2735.972	365.494	NA	NA	NA
18160	101.44693	1148.582	-2315.660	668.155	1106.448	-2358.799	674.602	1064.730	-2344.303	636.766	1019.370	-2355.980	625.665	1015.834	-2398.202	647.600	1055.818	-2417.067	617.046	NA	NA	NA	1110.205	-2420.915	517.877	NA	NA	NA	1120.255	-2530.660	472.040	NA	NA	NA	1063.403	-2661.590	361.985	1049.235	-2725.946	324.056	NA	NA	NA
18161	101.45251	1156.150	-2302.443	618.689	1121.975	-2349.881	623.905	1073.973	-2332.764	588.215	1028.609	-2342.294	575.295	1022.879	-2384.258	598.259	1057.680	-2406.400	569.142	NA	NA	NA	1112.368	-2409.966	469.533	NA	NA	NA	1126.836	-2518.419	422.730	1097.762	-2601.239	377.360	1061.842	-2650.732	322.291	1043.757	-2714.829	283.794	NA	NA	NA
18162	101.45810	1162.717	-2288.030	569.961	1125.941	-2335.963	578.330	1085.327	-2322.922	538.586	1039.812	-2328.917	522.762	1022.320	-2370.000	546.226	1071.699	-2395.460	525.138	NA	NA	NA	1115.955	-2399.201	421.738	NA	NA	NA	1132.889	-2506.164	373.144	1100.959	-2593.349	335.806	1057.660	-2641.791	284.524	1038.031	-2702.353	244.478	NA	NA	NA
18163	101.46369	1171.745	-2275.917	518.962	1134.641	-2323.505	530.958	1094.211	-2312.121	490.437	1049.640	-2316.602	471.520	1025.952	-2355.692	495.035	1068.139	-2384.437	475.141	NA	NA	NA	1118.531	-2388.455	373.465	1139.867	-2437.331	336.839	1137.772	-2494.214	323.110	1106.462	-2581.896	292.529	1058.233	-2631.540	245.165	1033.023	-2690.143	205.677	NA	NA	NA
18164	101.46927	1177.620	-2259.903	471.176	1148.100	-2313.981	480.265	1103.859	-2301.291	441.570	1055.055	-2303.582	426.436	1031.079	-2347.370	441.228	1070.973	-2373.308	426.963	NA	NA	NA	1122.983	-2377.979	325.925	1144.297	-2425.301	287.683	1143.096	-2482.196	273.369	1109.226	-2571.775	249.591	1059.790	-2621.018	206.101	1028.648	-2678.233	167.610	NA	NA	NA
18165	101.47486	1186.552	-2248.170	418.376	1157.894	-2301.966	431.069	1113.914	-2290.334	392.550	1066.141	-2292.336	374.865	1035.897	-2331.875	389.034	1076.774	-2362.061	379.662	NA	NA	NA	1127.144	-2367.296	278.200	1149.023	-2413.453	238.831	1149.225	-2470.182	223.984	1113.300	-2560.415	205.633	1060.911	-2610.926	167.389	1025.086	-2665.938	130.625	NA	NA	NA
18166	101.48045	1193.862	-2233.843	368.391	1170.164	-2291.370	380.583	1123.886	-2279.713	342.855	1077.477	-2280.865	320.598	1040.709	-2317.007	336.324	1078.815	-2350.701	330.810	NA	NA	NA	1130.527	-2356.965	230.170	1153.522	-2402.039	189.978	1155.063	-2458.408	174.523	1118.560	-2548.585	160.551	1062.982	-2600.476	128.184	1022.555	-2653.973	94.256	NA	NA	NA
18167	101.48603	1201.244	-2217.477	320.686	1181.038	-2280.188	330.723	1132.224	-2267.944	295.520	1087.826	-2269.128	270.131	1046.718	-2302.179	282.609	1078.780	-2339.313	280.751	NA	NA	NA	1134.753	-2346.730	182.411	1158.417	-2390.678	141.382	1160.741	-2446.905	125.387	1123.540	-2536.617	114.970	1065.347	-2589.677	89.084	1012.108	-2642.752	63.122	NA	NA	NA
